mission,company,location,date,time,rocket,price,successful,original_text,clean_text,cluster,PCA_1,PCA_2,cluster_label
CRS SpX-25,SpaceX,"LC-39A, Kennedy Space Center, Florida, USA",2022-07-15,0:44:00,Falcon 9 Block 5,12480000,True,CRS SpX-25,crs spx,6,-0.10144471462134604,-0.051258163691873464,crs / gsat / apollo
LARES 2 & Cubesats,ESA,"ELV-1, Guiana Space Centre, French Guiana, France",2022-07-13,13:13:00,Vega C,4470000,True,LARES 2 & Cubesats,lares cubesats,6,-0.08783348880228281,-0.03315208146924834,crs / gsat / apollo
Wise One Looks Ahead (NROL-162),Rocket Lab,"Rocket Lab LC-1A, Māhia Peninsula, New Zealand",2022-07-13,6:30:00,Electron/Curie,9750000,True,Wise One Looks Ahead (NROL-162),wise one looks ahead nrol,6,-0.08927054707251422,-0.034569573793227025,crs / gsat / apollo
TROPICS Flight 1,Astra,"SLC-46, Cape Canaveral SFS, Florida, USA",2022-07-12,17:43:00,Rocket 3,3670000,False,TROPICS Flight 1,tropics flight,6,-0.08942506623336864,-0.03470448317759712,crs / gsat / apollo
Starlink Group 3-1,SpaceX,"SLC-4E, Vandenberg SFB, California, USA",2022-07-11,1:39:00,Falcon 9 Block 5,11590000,True,Starlink Group 3-1,starlink group,4,-0.12029150234464368,-0.09475304497510524,starlink / starlink group / group
Starlink Group 4-21,SpaceX,"SLC-40, Cape Canaveral SFS, Florida, USA",2022-07-07,13:11:00,Falcon 9 Block 5,2330000,False,Starlink Group 4-21,starlink group,4,-0.12029150234464368,-0.09475304497510528,starlink / starlink group / group
"DS-EO, NeuSAR, SCOOB-I & POEM",ISRO,"Second Launch Pad, Satish Dhawan Space Centre, India",2022-06-30,12:32:00,PSLV-CA,21050000,True,"DS-EO, NeuSAR, SCOOB-I & POEM",dseo neusar scoobi poem,6,-0.08748149034646797,-0.03283651036621305,crs / gsat / apollo
SES-22,SpaceX,"SLC-40, Cape Canaveral SFS, Florida, USA",2022-06-29,21:04:00,Falcon 9 Block 5,16350000,True,SES-22,ses,6,-0.09300305358238405,-0.03818291332070852,crs / gsat / apollo
CAPSTONE,Rocket Lab,"Rocket Lab LC-1B, Māhia Peninsula, New Zealand",2022-06-28,9:55:00,Electron/Photon,3630000,True,CAPSTONE,capstone,6,-0.0874814903464691,-0.03283651036638082,crs / gsat / apollo
Measat-3d & GSAT-24,Arianespace,"ELA-3, Guiana Space Centre, French Guiana, France",2022-06-22,21:50:00,Ariane 5 ECA,1020000,True,Measat-3d & GSAT-24,measat d gsat,6,-0.09431558642025085,-0.04015526544886211,crs / gsat / apollo
Globalstar FM15 & USA 328 to 331,SpaceX,"SLC-40, Cape Canaveral SFS, Florida, USA",2022-06-19,4:27:00,Falcon 9 Block 5,24900000,True,Globalstar FM15 & USA 328 to 331,globalstar fm usa to,6,-0.09294218775972253,-0.03936133243257683,crs / gsat / apollo
SARah 1,SpaceX,"SLC-4E, Vandenberg SFB, California, USA",2022-06-18,14:19:00,Falcon 9 Block 5,19560000,True,SARah 1,sarah,6,-0.08748149034646957,-0.03283651036659026,crs / gsat / apollo
Starlink Group 4-19,SpaceX,"LC-39A, Kennedy Space Center, Florida, USA",2022-06-17,16:09:00,Falcon 9 Block 5,23140000,True,Starlink Group 4-19,starlink group,4,-0.12029150234464368,-0.09475304497510528,starlink / starlink group / group
Nilesat-301,SpaceX,"SLC-40, Cape Canaveral SFS, Florida, USA",2022-06-08,21:04:00,Falcon 9 Block 5,19220000,True,Nilesat-301,nilesat,6,-0.08869274391639106,-0.0339213854912321,crs / gsat / apollo
Progress MS-20,Roscosmos,"Site 31/6, Baikonur Cosmodrome, Kazakhstan",2022-06-03,9:32:00,Soyuz 2.1a,12620000,True,Progress MS-20,progress ms,6,-0.10953845686380043,-0.06277336541434132,crs / gsat / apollo
Transporter 5,SpaceX,"SLC-40, Cape Canaveral SFS, Florida, USA",2022-05-25,18:35:00,Falcon 9 Block 5,16680000,True,Transporter 5,transporter,6,-0.09044199724634253,-0.03560488603923416,crs / gsat / apollo
Starlink Group 4-18,SpaceX,"LC-39A, Kennedy Space Center, Florida, USA",2022-05-18,10:59:00,Falcon 9 Block 5,2250000,True,Starlink Group 4-18,starlink group,4,-0.12029150234464368,-0.09475304497510528,starlink / starlink group / group
Starlink Group 4-15,SpaceX,"SLC-40, Cape Canaveral SFS, Florida, USA",2022-05-14,20:40:00,Falcon 9 Block 5,24470000,True,Starlink Group 4-15,starlink group,4,-0.12029150234464368,-0.09475304497510528,starlink / starlink group / group
Starlink Group 4-13,SpaceX,"SLC-4E, Vandenberg SFB, California, USA",2022-05-13,22:07:00,Falcon 9 Block 5,20390000,True,Starlink Group 4-13,starlink group,4,-0.12029150234464368,-0.09475304497510528,starlink / starlink group / group
Starlink Group 4-17,SpaceX,"LC-39A, Kennedy Space Center, Florida, USA",2022-05-06,9:42:00,Falcon 9 Block 5,20100000,True,Starlink Group 4-17,starlink group,4,-0.12029150234464368,-0.09475304497510528,starlink / starlink group / group
There and Back Again,Rocket Lab,"Rocket Lab LC-1A, Māhia Peninsula, New Zealand",2022-05-02,22:49:00,Electron/Curie,1670000,True,There and Back Again,there and back again,6,-0.08677140169173386,-0.03221041939492883,crs / gsat / apollo
Starlink Group 4-16,SpaceX,"SLC-40, Cape Canaveral SFS, Florida, USA",2022-04-29,21:27:00,Falcon 9 Block 5,19830000,True,Starlink Group 4-16,starlink group,4,-0.12029150234464368,-0.09475304497510528,starlink / starlink group / group
SpaceX Crew-4,SpaceX,"LC-39A, Kennedy Space Center, Florida, USA",2022-04-27,7:52:00,Falcon 9 Block 5,5970000,True,SpaceX Crew-4,spacex crew,6,-0.09026939328965562,-0.0354283612979317,crs / gsat / apollo
Starlink Group 4-14,SpaceX,"SLC-40, Cape Canaveral SFS, Florida, USA",2022-04-21,17:51:00,Falcon 9 Block 5,24270000,True,Starlink Group 4-14,starlink group,4,-0.12029150234464368,-0.09475304497510528,starlink / starlink group / group
NROL-85,SpaceX,"SLC-4E, Vandenberg SFB, California, USA",2022-04-17,13:13:00,Falcon 9 Block 5,17380000,True,NROL-85,nrol,6,-0.09288118630542545,-0.03805309132376421,crs / gsat / apollo
Axiom Mission 1 (Ax-1),SpaceX,"LC-39A, Kennedy Space Center, Florida, USA",2022-04-08,15:17:00,Falcon 9 Block 5,4600000,True,Axiom Mission 1 (Ax-1),axiom mission ax,6,-0.08823320759954807,-0.033524624019997916,crs / gsat / apollo
Without Mission a Beat,Rocket Lab,"Rocket Lab LC-1A, Māhia Peninsula, New Zealand",2022-04-02,12:41:00,Electron/Curie,7880000,True,Without Mission a Beat,without mission a beat,6,-0.08843155353025892,-0.033706245249669704,crs / gsat / apollo
Transporter 4,SpaceX,"SLC-40, Cape Canaveral SFS, Florida, USA",2022-04-01,16:24:00,Falcon 9 Block 5,15460000,True,Transporter 4,transporter,6,-0.09044199724634253,-0.03560488603923416,crs / gsat / apollo
Starlink Group 4-12,SpaceX,"SLC-40, Cape Canaveral SFS, Florida, USA",2022-03-19,4:42:00,Falcon 9 Block 5,6980000,True,Starlink Group 4-12,starlink group,4,-0.12029150234464368,-0.09475304497510528,starlink / starlink group / group
Soyuz MS-21,Roscosmos,"Site 31/6, Baikonur Cosmodrome, Kazakhstan",2022-03-18,15:55:00,Soyuz 2.1a,18800000,True,Soyuz MS-21,soyuz ms,5,-0.11089651534418357,-0.06483636749574567,soyuz / soyuz ms / ms
Spaceflight Astra-1,Astra,"LP-3B, Pacific Spaceport Complex, Kodiak, Alaska, USA",2022-03-15,4:22:00,Rocket 3,3260000,True,Spaceflight Astra-1,spaceflight astra,6,-0.0904021155353068,-0.03564091841039674,crs / gsat / apollo
Starlink Group 4-10,SpaceX,"SLC-40, Cape Canaveral SFS, Florida, USA",2022-03-09,13:45:00,Falcon 9 Block 5,22350000,True,Starlink Group 4-10,starlink group,4,-0.12029150234464368,-0.09475304497510528,starlink / starlink group / group
Starlink Group 4-9,SpaceX,"LC-39A, Kennedy Space Center, Florida, USA",2022-03-03,14:25:00,Falcon 9 Block 5,19790000,True,Starlink Group 4-9,starlink group,4,-0.12029150234464368,-0.09475304497510528,starlink / starlink group / group
The Owl’s Night Continues,Rocket Lab,"Rocket Lab LC-1B, Māhia Peninsula, New Zealand",2022-02-28,20:37:00,Electron/Curie,12100000,True,The Owl’s Night Continues,the owl’s night continues,6,-0.08789376061419459,-0.03320646847336687,crs / gsat / apollo
Starlink Group 4-11,SpaceX,"SLC-4E, Vandenberg SFB, California, USA",2022-02-25,17:12:00,Falcon 9 Block 5,14730000,True,Starlink Group 4-11,starlink group,4,-0.12029150234464368,-0.09475304497510528,starlink / starlink group / group
Starlink Group 4-8,SpaceX,"SLC-40, Cape Canaveral SFS, Florida, USA",2022-02-21,14:44:00,Falcon 9 Block 5,19300000,True,Starlink Group 4-8,starlink group,4,-0.12029150234464368,-0.09475304497510528,starlink / starlink group / group
CRS NG-17,Northrop,"LP-0A, Wallops Flight Facility, Virginia, USA",2022-02-19,17:40:00,Antares 230+,6660000,True,CRS NG-17,crs ng,6,-0.10401806292478731,-0.05464786097542297,crs / gsat / apollo
Progress MS-19,Roscosmos,"Site 31/6, Baikonur Cosmodrome, Kazakhstan",2022-02-15,4:25:00,Soyuz 2.1a,23190000,True,Progress MS-19,progress ms,6,-0.10953845686380043,-0.06277336541434132,crs / gsat / apollo
EOS-04 & Others,ISRO,"First Launch Pad, Satish Dhawan Space Centre, India",2022-02-14,0:29:00,PSLV-XL,20230000,True,EOS-04 & Others,eos others,6,-0.08866015494689797,-0.03393088206160377,crs / gsat / apollo
VCLS Demo-2A,Astra,"SLC-46, Cape Canaveral SFS, Florida, USA",2022-02-10,20:00:00,Rocket 3,4610000,False,VCLS Demo-2A,vcls demo a,6,-0.08808600772973985,-0.03339356668843686,crs / gsat / apollo
OneWeb #13,Arianespace,"ELS, Guiana Space Centre, French Guiana, France",2022-02-10,18:09:00,Soyuz ST-B/Fregat-MT,23790000,True,OneWeb #13,oneweb,6,-0.08968324285238423,-0.03486986419011689,crs / gsat / apollo
Starlink Group 4-7,SpaceX,"LC-39A, Kennedy Space Center, Florida, USA",2022-02-03,18:13:00,Falcon 9 Block 5,6780000,True,Starlink Group 4-7,starlink group,4,-0.12029150234464368,-0.09475304497510528,starlink / starlink group / group
NROL-87,SpaceX,"SLC-4E, Vandenberg SFB, California, USA",2022-02-02,20:27:00,Falcon 9 Block 5,2690000,True,NROL-87,nrol,6,-0.09288118630542545,-0.03805309132376421,crs / gsat / apollo
CSG-2,SpaceX,"SLC-40, Cape Canaveral SFS, Florida, USA",2022-01-31,23:11:00,Falcon 9 Block 5,4300000,True,CSG-2,csg,6,-0.08788140130689377,-0.033195307450367875,crs / gsat / apollo
Starlink Group 4-6,SpaceX,"LC-39A, Kennedy Space Center, Florida, USA",2022-01-19,2:02:00,Falcon 9 Block 5,11260000,True,Starlink Group 4-6,starlink group,4,-0.12029150234464368,-0.09475304497510528,starlink / starlink group / group
Transporter 3,SpaceX,"SLC-40, Cape Canaveral SFS, Florida, USA",2022-01-13,15:25:00,Falcon 9 Block 5,23170000,True,Transporter 3,transporter,6,-0.09044199724634253,-0.03560488603923416,crs / gsat / apollo
Starlink Group 4-5,SpaceX,"LC-39A, Kennedy Space Center, Florida, USA",2022-01-06,21:49:00,Falcon 9 Block 5,12980000,True,Starlink Group 4-5,starlink group,4,-0.12029150234464368,-0.09475304497510528,starlink / starlink group / group
James Webb Space Telescope (JWST),Arianespace,"ELA-3, Guiana Space Centre, French Guiana, France",2021-12-25,12:20:00,Ariane 5 ECA,12120000,True,James Webb Space Telescope (JWST),james webb space telescope jwst,6,-0.08779495827231398,-0.03314422629524967,crs / gsat / apollo
CRS SpX-24,SpaceX,"LC-39A, Kennedy Space Center, Florida, USA",2021-12-21,10:07:00,Falcon 9 Block 5,18680000,True,CRS SpX-24,crs spx,6,-0.10144471462134505,-0.051258163691872916,crs / gsat / apollo
Türksat 5B,SpaceX,"SLC-40, Cape Canaveral SFS, Florida, USA",2021-12-19,3:58:00,Falcon 9 Block 5,11810000,True,Türksat 5B,türksat b,6,-0.08820329681988454,-0.033487424665053396,crs / gsat / apollo
Starlink Group 4-4,SpaceX,"SLC-4E, Vandenberg SFB, California, USA",2021-12-18,12:41:00,Falcon 9 Block 5,3050000,True,Starlink Group 4-4,starlink group,4,-0.12029150234464368,-0.09475304497510528,starlink / starlink group / group
Ekspress-AMU3 & AMU7,Roscosmos,"Site 200/39, Baikonur Cosmodrome, Kazakhstan",2021-12-13,12:07:00,Proton-M/Briz-M,7240000,False,Ekspress-AMU3 & AMU7,ekspressamu amu,6,-0.08748149034647378,-0.03283651036707745,crs / gsat / apollo
IXPE,SpaceX,"LC-39A, Kennedy Space Center, Florida, USA",2021-12-09,6:00:00,Falcon 9 Block 5,18290000,True,IXPE,ixpe,6,-0.08748149034647051,-0.032836510365256505,crs / gsat / apollo
A Data With Destiny,Rocket Lab,"Rocket Lab LC-1A, Māhia Peninsula, New Zealand",2021-12-09,0:02:00,Electron/Curie,9560000,True,A Data With Destiny,a data with destiny,6,-0.08748149034647075,-0.03283651036710994,crs / gsat / apollo
Soyuz MS-20 / Space Adventures,Roscosmos,"Site 31/6, Baikonur Cosmodrome, Kazakhstan",2021-12-08,7:38:00,Soyuz 2.1a,4900000,True,Soyuz MS-20 / Space Adventures,soyuz ms space adventures,5,-0.09987805427066636,-0.04965181490889639,soyuz / soyuz ms / ms
Galileo FOC FM23-FM24,Arianespace,"ELS, Guiana Space Centre, French Guiana, France",2021-12-05,0:19:00,Soyuz ST-B/Fregat-MT,17810000,True,Galileo FOC FM23-FM24,galileo foc fm fm,1,-0.09775334192691339,-0.04368849342219669,fm / fm fm / galileo
Starlink Group 4-3 & BlackSky,SpaceX,"SLC-40, Cape Canaveral SFS, Florida, USA",2021-12-02,23:12:00,Falcon 9 Block 5,2760000,True,Starlink Group 4-3 & BlackSky,starlink group blacksky,4,-0.10873664204900985,-0.07290484427892002,starlink / starlink group / group
Progress M-UM Prichal,Roscosmos,"Site 31/6, Baikonur Cosmodrome, Kazakhstan",2021-11-24,13:06:00,Soyuz 2.1b,3430000,True,Progress M-UM Prichal,progress mum prichal,6,-0.09102292044309511,-0.03760011706385694,crs / gsat / apollo
DART,SpaceX,"SLC-4E, Vandenberg SFB, California, USA",2021-11-24,6:21:00,Falcon 9 Block 5,5890000,True,DART,dart,6,-0.08820329681969682,-0.0334874247466501,crs / gsat / apollo
STP-27AD2,Astra,"LP-3B, Pacific Spaceport Complex, Kodiak, Alaska, USA",2021-11-20,6:16:00,Rocket 3,8540000,True,STP-27AD2,stp ad,6,-0.0890093356502002,-0.034232188383034136,crs / gsat / apollo
Love At First Insight,Rocket Lab,"Rocket Lab LC-1A, Māhia Peninsula, New Zealand",2021-11-18,1:38:00,Electron/Curie,10550000,True,Love At First Insight,love at first insight,6,-0.08748149034647026,-0.03283651036670702,crs / gsat / apollo
"CERES 1, 2 & 3",Arianespace,"ELV-1, Guiana Space Centre, French Guiana, France",2021-11-16,9:27:00,Vega,1480000,True,"CERES 1, 2 & 3",ceres,6,-0.08748149034646986,-0.03283651036732184,crs / gsat / apollo
Starlink Group 4-1,SpaceX,"SLC-40, Cape Canaveral SFS, Florida, USA",2021-11-13,12:19:00,Falcon 9 Block 5,1790000,True,Starlink Group 4-1,starlink group,4,-0.12029150234464368,-0.09475304497510528,starlink / starlink group / group
SpaceX Crew-3,SpaceX,"LC-39A, Kennedy Space Center, Florida, USA",2021-11-11,2:03:00,Falcon 9 Block 5,7360000,True,SpaceX Crew-3,spacex crew,6,-0.09026939328965562,-0.0354283612979317,crs / gsat / apollo
Progress MS-18,Roscosmos,"Site 31/6, Baikonur Cosmodrome, Kazakhstan",2021-10-28,0:00:00,Soyuz 2.1a,18170000,True,Progress MS-18,progress ms,6,-0.10953845686380043,-0.06277336541434132,crs / gsat / apollo
SES-17 & Syracuse-4A,Arianespace,"ELA-3, Guiana Space Centre, French Guiana, France",2021-10-24,2:10:00,Ariane 5 ECA,15460000,True,SES-17 & Syracuse-4A,ses syracuse a,6,-0.09090832638392676,-0.03615495520764866,crs / gsat / apollo
Soyuz MS-19,Roscosmos,"Site 31/6, Baikonur Cosmodrome, Kazakhstan",2021-10-05,8:55:00,Soyuz 2.1a,22510000,True,Soyuz MS-19,soyuz ms,5,-0.11089651534418357,-0.06483636749574567,soyuz / soyuz ms / ms
Inspiration4,SpaceX,"LC-39A, Kennedy Space Center, Florida, USA",2021-09-16,0:02:00,Falcon 9 Block 5,20220000,True,Inspiration4,inspiration,6,-0.08748149034647086,-0.03283651036713177,crs / gsat / apollo
Starlink Group 2-1,SpaceX,"SLC-4E, Vandenberg SFB, California, USA",2021-09-14,3:55:00,Falcon 9 Block 5,8730000,True,Starlink Group 2-1,starlink group,4,-0.12029150234464368,-0.09475304497510528,starlink / starlink group / group
CRS SpX-23,SpaceX,"LC-39A, Kennedy Space Center, Florida, USA",2021-08-29,7:14:00,Falcon 9 Block 5,15900000,True,CRS SpX-23,crs spx,6,-0.10144471462134505,-0.051258163691872916,crs / gsat / apollo
STP-27AD1,Astra,"LP-3B, Pacific Spaceport Complex, Kodiak, Alaska, USA",2021-08-28,22:35:00,Rocket 3,15510000,False,STP-27AD1,stp ad,6,-0.0890093356502002,-0.034232188383034136,crs / gsat / apollo
"Pléiades-Néo 4, BRO-4 & Others",Arianespace,"ELV-1, Guiana Space Centre, French Guiana, France",2021-08-17,1:47:00,Vega,17120000,True,"Pléiades-Néo 4, BRO-4 & Others",pléiadesnéo bro others,6,-0.08770813898287881,-0.033040017158520105,crs / gsat / apollo
EOS-03,ISRO,"Second Launch Pad, Satish Dhawan Space Centre, India",2021-08-12,0:13:00,GSLV Mk II,1930000,False,EOS-03,eos,6,-0.08866015494689797,-0.03393088206160377,crs / gsat / apollo
CRS NG-16,Northrop,"LP-0A, Wallops Flight Facility, Virginia, USA",2021-08-10,22:01:00,Antares 230+,10110000,True,CRS NG-16,crs ng,6,-0.10401806292478731,-0.05464786097542297,crs / gsat / apollo
Eutelsat Quantum & Star One D2,Arianespace,"ELA-3, Guiana Space Centre, French Guiana, France",2021-07-30,21:00:00,Ariane 5 ECA,23760000,True,Eutelsat Quantum & Star One D2,eutelsat quantum star one d,6,-0.09163609538423444,-0.03608746993751418,crs / gsat / apollo
It’s a Little Chile Up Here,Rocket Lab,"Rocket Lab LC-1A, Māhia Peninsula, New Zealand",2021-07-29,6:00:00,Electron/Curie,4000000,True,It’s a Little Chile Up Here,it’s a little chile up here,6,-0.08748149034647075,-0.0328365103659281,crs / gsat / apollo
MLM-U Nauka,Roscosmos,"Site 200/39, Baikonur Cosmodrome, Kazakhstan",2021-07-21,14:58:00,Proton-M,5330000,True,MLM-U Nauka,mlmu nauka,6,-0.08748149034647036,-0.03283651036589915,crs / gsat / apollo
Transporter 2,SpaceX,"SLC-40, Cape Canaveral SFS, Florida, USA",2021-06-30,19:31:00,Falcon 9 Block 5,12950000,True,Transporter 2,transporter,6,-0.09044199724634253,-0.03560488603923416,crs / gsat / apollo
Progress MS-17,Roscosmos,"Site 31/6, Baikonur Cosmodrome, Kazakhstan",2021-06-29,23:27:00,Soyuz 2.1a,12560000,True,Progress MS-17,progress ms,6,-0.10953845686380043,-0.06277336541434132,crs / gsat / apollo
GPS III-5,SpaceX,"SLC-40, Cape Canaveral SFS, Florida, USA",2021-06-17,16:09:00,Falcon 9 Block 5,13770000,True,GPS III-5,gps iii,6,-0.09374216369924153,-0.0392336098775046,crs / gsat / apollo
NROL-111,Northrop,"LP-0B, Wallops Flight Facility, Virginia, USA",2021-06-15,13:35:00,Minotaur I,14560000,True,NROL-111,nrol,6,-0.09288118630542545,-0.03805309132376421,crs / gsat / apollo
Odyssey (TacRL-2),Northrop,"Stargazer, Vandenberg SFB, California, USA",2021-06-13,8:11:00,Pegasus XL,14680000,True,Odyssey (TacRL-2),odyssey tacrl,6,-0.08748149034646892,-0.032836510366666606,crs / gsat / apollo
SXM-8,SpaceX,"SLC-40, Cape Canaveral SFS, Florida, USA",2021-06-06,4:26:00,Falcon 9 Block 5,1540000,True,SXM-8,sxm,6,-0.08820329682000148,-0.03348742474888343,crs / gsat / apollo
CRS SpX-22,SpaceX,"LC-39A, Kennedy Space Center, Florida, USA",2021-06-03,17:29:00,Falcon 9 Block 5,20880000,True,CRS SpX-22,crs spx,6,-0.10144471462134505,-0.051258163691872916,crs / gsat / apollo
Starlink V1 L28,SpaceX,"SLC-40, Cape Canaveral SFS, Florida, USA",2021-05-26,18:59:00,Falcon 9 Block 5,3420000,True,Starlink V1 L28,starlink v l,4,-0.12338918703245284,-0.10123192340543531,starlink / starlink group / group
Starlink V1 L26 & Rideshares,SpaceX,"LC-39A, Kennedy Space Center, Florida, USA",2021-05-15,22:56:00,Falcon 9 Block 5,19340000,True,Starlink V1 L26 & Rideshares,starlink v l rideshares,6,-0.10700396783509812,-0.0665250653619445,crs / gsat / apollo
Running Out of Toes,Rocket Lab,"Rocket Lab LC-1A, Māhia Peninsula, New Zealand",2021-05-15,11:11:00,Electron/Curie,4050000,False,Running Out of Toes,running out of toes,6,-0.0877034189273199,-0.03303506388276515,crs / gsat / apollo
Starlink V1 L27,SpaceX,"SLC-40, Cape Canaveral SFS, Florida, USA",2021-05-09,6:42:00,Falcon 9 Block 5,16080000,True,Starlink V1 L27,starlink v l,4,-0.12338918703245284,-0.10123192340543531,starlink / starlink group / group
10-Kilometer Test Flight,SpaceX,"Suborbital Pad A, Starbase, Texas, USA",2021-05-05,22:25:00,Starship Prototype,8370000,True,10-Kilometer Test Flight,kilometer test flight,6,-0.09318474508454555,-0.0383312959286815,crs / gsat / apollo
Starlink V1 L25,SpaceX,"LC-39A, Kennedy Space Center, Florida, USA",2021-05-04,19:01:00,Falcon 9 Block 5,11880000,True,Starlink V1 L25,starlink v l,4,-0.12338918703245284,-0.10123192340543531,starlink / starlink group / group
Starlink V1 L24,SpaceX,"SLC-40, Cape Canaveral SFS, Florida, USA",2021-04-29,3:44:00,Falcon 9 Block 5,15900000,True,Starlink V1 L24,starlink v l,4,-0.12338918703245284,-0.10123192340543531,starlink / starlink group / group
Pléiades-Néo 3 & SSMS n°2,Arianespace,"ELV-1, Guiana Space Centre, French Guiana, France",2021-04-29,1:50:00,Vega,19420000,True,Pléiades-Néo 3 & SSMS n°2,pléiadesnéo ssms n°,6,-0.08793362524013201,-0.03324106215037148,crs / gsat / apollo
SpaceX Crew-2,SpaceX,"LC-39A, Kennedy Space Center, Florida, USA",2021-04-23,9:49:00,Falcon 9 Block 5,1760000,True,SpaceX Crew-2,spacex crew,6,-0.09026939328965562,-0.0354283612979317,crs / gsat / apollo
Soyuz MS-18,Roscosmos,"Site 31/6, Baikonur Cosmodrome, Kazakhstan",2021-04-09,7:42:00,Soyuz 2.1a,23060000,True,Soyuz MS-18,soyuz ms,5,-0.11089651534418357,-0.06483636749574567,soyuz / soyuz ms / ms
Starlink V1 L23,SpaceX,"SLC-40, Cape Canaveral SFS, Florida, USA",2021-04-07,16:34:00,Falcon 9 Block 5,14370000,True,Starlink V1 L23,starlink v l,4,-0.12338918703245284,-0.10123192340543531,starlink / starlink group / group
10-Kilometer Test Flight,SpaceX,"Suborbital Pad B, Starbase, Texas, USA",2021-03-30,13:00:00,Starship Prototype,20670000,False,10-Kilometer Test Flight,kilometer test flight,6,-0.09318474508454555,-0.0383312959286815,crs / gsat / apollo
Starlink V1 L22,SpaceX,"SLC-40, Cape Canaveral SFS, Florida, USA",2021-03-24,8:28:00,Falcon 9 Block 5,19600000,True,Starlink V1 L22,starlink v l,4,-0.12338918703245284,-0.10123192340543531,starlink / starlink group / group
They Go Up So Fast,Rocket Lab,"Rocket Lab LC-1A, Māhia Peninsula, New Zealand",2021-03-22,22:30:00,Electron/Photon,3640000,True,They Go Up So Fast,they go up so fast,6,-0.08820329681971063,-0.03348742467046072,crs / gsat / apollo
Starlink V1 L21,SpaceX,"LC-39A, Kennedy Space Center, Florida, USA",2021-03-14,10:01:00,Falcon 9 Block 5,9930000,True,Starlink V1 L21,starlink v l,4,-0.12338918703245284,-0.10123192340543531,starlink / starlink group / group
Starlink V1 L20,SpaceX,"SLC-40, Cape Canaveral SFS, Florida, USA",2021-03-11,8:13:00,Falcon 9 Block 5,18970000,True,Starlink V1 L20,starlink v l,4,-0.12338918703245284,-0.10123192340543531,starlink / starlink group / group
Starlink V1 L17,SpaceX,"LC-39A, Kennedy Space Center, Florida, USA",2021-03-04,8:24:00,Falcon 9 Block 5,7230000,True,Starlink V1 L17,starlink v l,4,-0.12338918703245284,-0.10123192340543531,starlink / starlink group / group
10-Kilometer Test Flight,SpaceX,"Suborbital Pad A, Starbase, Texas, USA",2021-03-03,23:14:00,Starship Prototype,10450000,False,10-Kilometer Test Flight,kilometer test flight,6,-0.09318474508454555,-0.0383312959286815,crs / gsat / apollo
Arktika-M n°1,Roscosmos,"Site 31/6, Baikonur Cosmodrome, Kazakhstan",2021-02-28,6:55:00,Soyuz 2.1b/Fregat-M,20150000,True,Arktika-M n°1,arktikam n°,6,-0.08748149034647046,-0.03283651036701453,crs / gsat / apollo
Amazônia 1 & Others,ISRO,"First Launch Pad, Satish Dhawan Space Centre, India",2021-02-28,4:54:00,PSLV-DL,19340000,True,Amazônia 1 & Others,amazônia others,6,-0.08748149034647126,-0.032836510366842146,crs / gsat / apollo
CRS NG-15,Northrop,"LP-0A, Wallops Flight Facility, Virginia, USA",2021-02-20,17:36:00,Antares 230+,17810000,True,CRS NG-15,crs ng,6,-0.10401806292478731,-0.05464786097542297,crs / gsat / apollo
Starlink V1 L19,SpaceX,"SLC-40, Cape Canaveral SFS, Florida, USA",2021-02-16,3:59:00,Falcon 9 Block 5,1760000,True,Starlink V1 L19,starlink v l,4,-0.12338918703245284,-0.10123192340543531,starlink / starlink group / group
Progress MS-16,Roscosmos,"Site 31/6, Baikonur Cosmodrome, Kazakhstan",2021-02-15,4:45:00,Soyuz 2.1a,11670000,True,Progress MS-16,progress ms,6,-0.10953845686380043,-0.06277336541434132,crs / gsat / apollo
Starlink V1 L18,SpaceX,"SLC-40, Cape Canaveral SFS, Florida, USA",2021-02-04,6:19:00,Falcon 9 Block 5,1640000,True,Starlink V1 L18,starlink v l,4,-0.12338918703245284,-0.10123192340543531,starlink / starlink group / group
10-Kilometer Test Flight,SpaceX,"Suborbital Pad B, Starbase, Texas, USA",2021-02-02,20:25:00,Starship Prototype,7750000,False,10-Kilometer Test Flight,kilometer test flight,6,-0.09318474508454555,-0.0383312959286815,crs / gsat / apollo
Transporter 1,SpaceX,"SLC-40, Cape Canaveral SFS, Florida, USA",2021-01-24,15:00:00,Falcon 9 Block 5,8190000,True,Transporter 1,transporter,6,-0.09044199724634253,-0.03560488603923416,crs / gsat / apollo
Starlink V1 L16,SpaceX,"LC-39A, Kennedy Space Center, Florida, USA",2021-01-20,13:02:00,Falcon 9 Block 5,2870000,True,Starlink V1 L16,starlink v l,4,-0.12338918703245284,-0.10123192340543531,starlink / starlink group / group
Another One Leaves The Crust,Rocket Lab,"Rocket Lab LC-1A, Māhia Peninsula, New Zealand",2021-01-20,7:26:00,Electron/Curie,20640000,True,Another One Leaves The Crust,another one leaves the crust,6,-0.08748149034647244,-0.03283651036574993,crs / gsat / apollo
Türksat 5A,SpaceX,"SLC-40, Cape Canaveral SFS, Florida, USA",2021-01-08,2:15:00,Falcon 9 Block 5,6220000,True,Türksat 5A,türksat a,6,-0.08820329681988454,-0.033487424665053396,crs / gsat / apollo
CSO-2,Arianespace,"ELS, Guiana Space Centre, French Guiana, France",2020-12-29,16:42:00,Soyuz ST-A/Fregat-M,16200000,True,CSO-2,cso,6,-0.08820329681982306,-0.033487424690995575,crs / gsat / apollo
NROL-108,SpaceX,"LC-39A, Kennedy Space Center, Florida, USA",2020-12-19,14:00:00,Falcon 9 Block 5,11360000,True,NROL-108,nrol,6,-0.09288118630542545,-0.03805309132376421,crs / gsat / apollo
CMS-01,ISRO,"Second Launch Pad, Satish Dhawan Space Centre, India",2020-12-17,10:09:00,PSLV-XL,22970000,True,CMS-01,cms,6,-0.08748149034647208,-0.03283651036594625,crs / gsat / apollo
Rocket 3.2,Astra,"LP-3B, Pacific Spaceport Complex, Kodiak, Alaska, USA",2020-12-15,20:55:00,Rocket 3,3750000,False,Rocket 3.2,rocket,6,-0.08820329681984632,-0.0334874246845594,crs / gsat / apollo
The Owl’s Night Begins,Rocket Lab,"Rocket Lab LC-1A, Māhia Peninsula, New Zealand",2020-12-15,10:09:00,Electron/Curie,6050000,True,The Owl’s Night Begins,the owl’s night begins,6,-0.0878937606141946,-0.033206468473367404,crs / gsat / apollo
SXM-7,SpaceX,"SLC-40, Cape Canaveral SFS, Florida, USA",2020-12-13,17:30:00,Falcon 9 Block 5,12090000,True,SXM-7,sxm,6,-0.08820329682000148,-0.03348742474888343,crs / gsat / apollo
12.5-Kilometer Test Flight,SpaceX,"Suborbital Pad A, Starbase, Texas, USA",2020-12-09,22:45:00,Starship Prototype,2600000,False,12.5-Kilometer Test Flight,kilometer test flight,6,-0.09318474508454555,-0.0383312959286815,crs / gsat / apollo
CRS SpX-21,SpaceX,"LC-39A, Kennedy Space Center, Florida, USA",2020-12-06,16:17:00,Falcon 9 Block 5,22030000,True,CRS SpX-21,crs spx,6,-0.10144471462134505,-0.051258163691872916,crs / gsat / apollo
Falcon Eye 2,Arianespace,"ELS, Guiana Space Centre, French Guiana, France",2020-12-02,1:33:00,Soyuz ST-A/Fregat-M,6810000,True,Falcon Eye 2,falcon eye,6,-0.08820329681985413,-0.033487424554787086,crs / gsat / apollo
Starlink V1 L15,SpaceX,"SLC-40, Cape Canaveral SFS, Florida, USA",2020-11-25,2:13:00,Falcon 9 Block 5,2220000,True,Starlink V1 L15,starlink v l,4,-0.12338918703245284,-0.10123192340543531,starlink / starlink group / group
Sentinel-6A Michael Freilich,SpaceX,"SLC-4E, Vandenberg SFB, California, USA",2020-11-21,17:17:00,Falcon 9 Block 5,13840000,True,Sentinel-6A Michael Freilich,sentinel a michael freilich,6,-0.08849304659753641,-0.03376755518364216,crs / gsat / apollo
Return To Sender,Rocket Lab,"Rocket Lab LC-1A, Māhia Peninsula, New Zealand",2020-11-20,2:20:00,Electron/Curie,6370000,True,Return To Sender,return to sender,6,-0.08748149034646954,-0.032836510366417396,crs / gsat / apollo
Taranis & Seosat,Arianespace,"ELV-1, Guiana Space Centre, French Guiana, France",2020-11-17,1:52:00,Vega,6400000,False,Taranis & Seosat,taranis seosat,6,-0.08748149034646857,-0.03283651036572651,crs / gsat / apollo
SpaceX Crew-1,SpaceX,"LC-39A, Kennedy Space Center, Florida, USA",2020-11-16,0:27:00,Falcon 9 Block 5,5980000,True,SpaceX Crew-1,spacex crew,6,-0.09026939328965562,-0.0354283612979317,crs / gsat / apollo
EOS-01 & Rideshares,ISRO,"First Launch Pad, Satish Dhawan Space Centre, India",2020-11-07,9:41:00,PSLV-DL,12820000,True,EOS-01 & Rideshares,eos rideshares,6,-0.09180282725560554,-0.037086281860505985,crs / gsat / apollo
GPS III-4,SpaceX,"SLC-40, Cape Canaveral SFS, Florida, USA",2020-11-05,23:24:00,Falcon 9 Block 5,4540000,True,GPS III-4,gps iii,6,-0.09374216369924153,-0.0392336098775046,crs / gsat / apollo
In Focus,Rocket Lab,"Rocket Lab LC-1A, Māhia Peninsula, New Zealand",2020-10-28,21:21:00,Electron/Curie,20900000,True,In Focus,in focus,6,-0.08748149034647117,-0.032836510366165216,crs / gsat / apollo
Starlink V1 L14,SpaceX,"SLC-40, Cape Canaveral SFS, Florida, USA",2020-10-24,15:31:00,Falcon 9 Block 5,1400000,True,Starlink V1 L14,starlink v l,4,-0.12338918703245284,-0.10123192340543531,starlink / starlink group / group
Starlink V1 L13,SpaceX,"LC-39A, Kennedy Space Center, Florida, USA",2020-10-18,12:25:00,Falcon 9 Block 5,9900000,True,Starlink V1 L13,starlink v l,4,-0.12338918703245284,-0.10123192340543531,starlink / starlink group / group
Soyuz MS-17,Roscosmos,"Site 31/6, Baikonur Cosmodrome, Kazakhstan",2020-10-14,5:45:00,Soyuz 2.1a,14470000,True,Soyuz MS-17,soyuz ms,5,-0.11089651534418357,-0.06483636749574567,soyuz / soyuz ms / ms
Starlink V1 L12,SpaceX,"LC-39A, Kennedy Space Center, Florida, USA",2020-10-06,11:29:00,Falcon 9 Block 5,3210000,True,Starlink V1 L12,starlink v l,4,-0.12338918703245284,-0.10123192340543531,starlink / starlink group / group
CRS NG-14,Northrop,"LP-0A, Wallops Flight Facility, Virginia, USA",2020-10-03,1:16:00,Antares 230+,8430000,True,CRS NG-14,crs ng,6,-0.10401806292478731,-0.05464786097542297,crs / gsat / apollo
Rocket 3.1,Astra,"LP-3B, Pacific Spaceport Complex, Kodiak, Alaska, USA",2020-09-12,3:19:00,Rocket 3,4940000,False,Rocket 3.1,rocket,6,-0.08820329681984632,-0.0334874246845594,crs / gsat / apollo
Starlink V1 L11,SpaceX,"LC-39A, Kennedy Space Center, Florida, USA",2020-09-03,12:46:00,Falcon 9 Block 5,3510000,True,Starlink V1 L11,starlink v l,4,-0.12338918703245284,-0.10123192340543531,starlink / starlink group / group
SSMS n°1 PoC,Arianespace,"ELV-1, Guiana Space Centre, French Guiana, France",2020-09-03,1:51:00,Vega,1200000,True,SSMS n°1 PoC,ssms n° poc,6,-0.08770813898288185,-0.033040017157692406,crs / gsat / apollo
I Can’t Believe It’s Not Optical,Rocket Lab,"Rocket Lab LC-1A, Māhia Peninsula, New Zealand",2020-08-31,3:05:00,Electron/Photon,22300000,True,I Can’t Believe It’s Not Optical,i can’t believe it’s not optical,6,-0.08748149034646938,-0.03283651036747085,crs / gsat / apollo
SAOCOM 1B & Rideshares,SpaceX,"SLC-40, Cape Canaveral SFS, Florida, USA",2020-08-30,23:18:00,Falcon 9 Block 5,13510000,True,SAOCOM 1B & Rideshares,saocom b rideshares,6,-0.09132337822731469,-0.036642045281903825,crs / gsat / apollo
Starlink V1 L10 & SkySat 19 to 21,SpaceX,"SLC-40, Cape Canaveral SFS, Florida, USA",2020-08-18,14:31:00,Falcon 9 Block 5,3810000,True,Starlink V1 L10 & SkySat 19 to 21,starlink v l skysat to,6,-0.10302259997539659,-0.061936010220603,crs / gsat / apollo
"BSat 4b & Galaxy 30, MEV-2",Arianespace,"ELA-3, Guiana Space Centre, French Guiana, France",2020-08-15,22:04:00,Ariane 5 ECA,9170000,True,"BSat 4b & Galaxy 30, MEV-2",bsat b galaxy mev,6,-0.09182844192842364,-0.03533389197515308,crs / gsat / apollo
Starlink V1 L9 & BlackSky,SpaceX,"LC-39A, Kennedy Space Center, Florida, USA",2020-08-07,5:12:00,Falcon 9 Block 5,24140000,True,Starlink V1 L9 & BlackSky,starlink v l blacksky,6,-0.10178578274347255,-0.0600669535665811,crs / gsat / apollo
150 Meter Hop,SpaceX,"Pad A, Boca Chica, Texas, USA",2020-08-04,23:57:00,Starship Prototype,16110000,True,150 Meter Hop,meter hop,6,-0.08748149034647154,-0.032836510366379044,crs / gsat / apollo
Ekspress-80 & Ekspress-103,Roscosmos,"Site 200/39, Baikonur Cosmodrome, Kazakhstan",2020-07-30,21:25:00,Proton-M/Briz-M,6430000,True,Ekspress-80 & Ekspress-103,ekspress ekspress,6,-0.08748149034647347,-0.03283651036562754,crs / gsat / apollo
Progress MS-15,Roscosmos,"Site 31/6, Baikonur Cosmodrome, Kazakhstan",2020-07-23,14:26:00,Soyuz 2.1a,15570000,True,Progress MS-15,progress ms,6,-0.10953845686380043,-0.06277336541434132,crs / gsat / apollo
ANASIS-II,SpaceX,"SLC-40, Cape Canaveral AFS, Florida, USA",2020-07-20,21:30:00,Falcon 9 Block 5,16260000,True,ANASIS-II,anasisii,6,-0.08748149034647223,-0.03283651036613395,crs / gsat / apollo
NROL-129,Northrop,"LP-0B, Wallops Flight Facility, Virginia, USA",2020-07-15,13:46:00,Minotaur IV,3100000,True,NROL-129,nrol,6,-0.09288118630542545,-0.03805309132376421,crs / gsat / apollo
Pics Or It Didn't Happen,Rocket Lab,"Rocket Lab LC-1A, M?hia Peninsula, New Zealand",2020-07-04,21:19:00,Electron/Curie,19030000,False,Pics Or It Didn't Happen,pics or it didnt happen,6,-0.0874814903464707,-0.03283651036695903,crs / gsat / apollo
GPS III SV03,SpaceX,"SLC-40, Cape Canaveral AFS, Florida, USA",2020-06-30,20:10:00,Falcon 9 Block 5,18810000,True,GPS III SV03,gps iii sv,6,-0.09257170557015726,-0.038024032935297686,crs / gsat / apollo
Starlink V1 L8 & SkySat 16 to 18,SpaceX,"SLC-40, Cape Canaveral AFS, Florida, USA",2020-06-13,9:21:00,Falcon 9 Block 5,4590000,True,Starlink V1 L8 & SkySat 16 to 18,starlink v l skysat to,6,-0.10302259997539659,-0.061936010220603,crs / gsat / apollo
Don't stop me now!,Rocket Lab,"Rocket Lab LC-1A, M?hia Peninsula, New Zealand",2020-06-13,5:12:00,Electron/Curie,12180000,True,Don't stop me now!,dont stop me now,6,-0.0874814903464712,-0.032836510367369384,crs / gsat / apollo
Starlink V1 L7,SpaceX,"SLC-40, Cape Canaveral AFS, Florida, USA",2020-06-04,1:25:00,Falcon 9 Block 5,17890000,True,Starlink V1 L7,starlink v l,4,-0.12338918703245284,-0.10123192340543531,starlink / starlink group / group
SpaceX Demo-2,SpaceX,"LC-39A, Kennedy Space Center, Florida, USA",2020-05-30,19:22:00,Falcon 9 Block 5,4080000,True,SpaceX Demo-2,spacex demo,6,-0.08950943245577009,-0.03471023620061235,crs / gsat / apollo
Progress MS-14,Roscosmos,"Site 31/6, Baikonur Cosmodrome, Kazakhstan",2020-04-25,1:51:00,Soyuz 2.1a,13820000,True,Progress MS-14,progress ms,6,-0.10953845686380043,-0.06277336541434132,crs / gsat / apollo
Starlink V1 L6,SpaceX,"LC-39A, Kennedy Space Center, Florida, USA",2020-04-22,19:30:00,Falcon 9 Block 5,4180000,True,Starlink V1 L6,starlink v l,4,-0.12338918703245284,-0.10123192340543531,starlink / starlink group / group
Soyuz MS-16,Roscosmos,"Site 31/6, Baikonur Cosmodrome, Kazakhstan",2020-04-09,8:05:00,Soyuz 2.1a,4850000,True,Soyuz MS-16,soyuz ms,5,-0.11089651534418357,-0.06483636749574567,soyuz / soyuz ms / ms
OneWeb #3,Arianespace,"Site 31/6, Baikonur Cosmodrome, Kazakhstan",2020-03-21,17:06:00,Soyuz 2.1b/Fregat,7680000,True,OneWeb #3,oneweb,6,-0.08968324285238423,-0.03486986419011689,crs / gsat / apollo
Starlink V1 L5,SpaceX,"LC-39A, Kennedy Space Center, Florida, USA",2020-03-18,12:16:00,Falcon 9 Block 5,16280000,True,Starlink V1 L5,starlink v l,4,-0.12338918703245284,-0.10123192340543531,starlink / starlink group / group
CRS-20,SpaceX,"SLC-40, Cape Canaveral AFS, Florida, USA",2020-03-07,4:50:00,Falcon 9 Block 5,22300000,True,CRS-20,crs,6,-0.11235985642803023,-0.06625467006024273,crs / gsat / apollo
JCSAT-17 & GEO-KOMPSAT 2B,Arianespace,"ELA-3, Guiana Space Centre, French Guiana, France",2020-02-18,22:18:00,Ariane 5 ECA,6050000,True,JCSAT-17 & GEO-KOMPSAT 2B,jcsat geokompsat b,6,-0.09116566615736287,-0.03643427348951093,crs / gsat / apollo
Starlink V1 L4,SpaceX,"SLC-40, Cape Canaveral AFS, Florida, USA",2020-02-17,15:05:00,Falcon 9 Block 5,8380000,True,Starlink V1 L4,starlink v l,4,-0.12338918703245284,-0.10123192340543531,starlink / starlink group / group
CRS NG-13,Northrop,"LP-0A, Wallops Flight Facility, Virginia, USA",2020-02-15,20:21:00,Antares 230+,22880000,True,CRS NG-13,crs ng,6,-0.10401806292478731,-0.05464786097542297,crs / gsat / apollo
OneWeb #2,Arianespace,"Site 31/6, Baikonur Cosmodrome, Kazakhstan",2020-02-06,21:42:00,Soyuz 2.1b/Fregat,3030000,True,OneWeb #2,oneweb,6,-0.08968324285238423,-0.03486986419011689,crs / gsat / apollo
Birds of a Feather / NROL-151,Rocket Lab,"Rocket Lab LC-1A, M?hia Peninsula, New Zealand",2020-01-31,2:56:00,Electron/Curie,19740000,True,Birds of a Feather / NROL-151,birds of a feather nrol,6,-0.08960849185017722,-0.03489722973986354,crs / gsat / apollo
Starlink V1 L3,SpaceX,"SLC-40, Cape Canaveral AFS, Florida, USA",2020-01-29,14:06:00,Falcon 9 Block 5,12200000,True,Starlink V1 L3,starlink v l,4,-0.12338918703245284,-0.10123192340543531,starlink / starlink group / group
Crew Dragon Inflight Abort Test,SpaceX,"LC-39A, Kennedy Space Center, Florida, USA",2020-01-19,15:30:00,Falcon 9 Block 5,14620000,True,Crew Dragon Inflight Abort Test,crew dragon inflight abort test,6,-0.08903530954217688,-0.034310878141175775,crs / gsat / apollo
Eutelsat Konnect BB4A & GSAT-30,Arianespace,"ELA-3, Guiana Space Centre, French Guiana, France",2020-01-16,21:05:00,Ariane 5 ECA,17850000,True,Eutelsat Konnect BB4A & GSAT-30,eutelsat konnect bb a gsat,6,-0.09405730944403418,-0.03903886283676603,crs / gsat / apollo
Starlink V1 L2,SpaceX,"SLC-40, Cape Canaveral AFS, Florida, USA",2020-01-07,2:19:00,Falcon 9 Block 5,12050000,True,Starlink V1 L2,starlink v l,4,-0.12338918703245284,-0.10123192340543531,starlink / starlink group / group
Elektro-L n†­3,Roscosmos,"Site 81/24, Baikonur Cosmodrome, Kazakhstan",2019-12-24,12:03:00,Proton-M/DM-3,15470000,True,Elektro-L n†­3,elektrol n†­,6,-0.08893711356433312,-0.0341646695375245,crs / gsat / apollo
"CSG-1, CHEOPS & Others",Arianespace,"ELS, Guiana Space Centre, French Guiana, France",2019-12-18,8:54:00,Soyuz ST-A/Fregat-M,6750000,True,"CSG-1, CHEOPS & Others",csg cheops others,6,-0.08788140130689377,-0.033195307450366855,crs / gsat / apollo
JCSAT-18 / Kacific-1,SpaceX,"SLC-40, Cape Canaveral AFS, Florida, USA",2019-12-17,0:10:00,Falcon 9 Block 5,15340000,True,JCSAT-18 / Kacific-1,jcsat kacific,6,-0.09080863193512859,-0.03607867931756133,crs / gsat / apollo
RISAT 2BR1,ISRO,"First Launch Pad, Satish Dhawan Space Centre, India",2019-12-11,9:55:00,PSLV-QL,18310000,True,RISAT 2BR1,risat br,6,-0.08862516286897867,-0.03388258352469901,crs / gsat / apollo
Progress MS-13 (74P),Roscosmos,"Site 31/6, Baikonur Cosmodrome, Kazakhstan",2019-12-06,9:34:00,Soyuz 2.1a,16490000,True,Progress MS-13 (74P),progress ms p,6,-0.10953845686380043,-0.06277336541434132,crs / gsat / apollo
Running Out Of Fingers,Rocket Lab,"Rocket Lab LC-1A, M?hia Peninsula, New Zealand",2019-12-06,8:18:00,Electron/Curie,22350000,True,Running Out Of Fingers,running out of fingers,6,-0.0877034189273199,-0.03303506388271635,crs / gsat / apollo
CRS-19,SpaceX,"SLC-40, Cape Canaveral AFS, Florida, USA",2019-12-05,17:29:00,Falcon 9 Block 5,24610000,True,CRS-19,crs,6,-0.11235985642803023,-0.06625467006024273,crs / gsat / apollo
Cartosat-3 & Rideshares,ISRO,"Second Launch Pad, Satish Dhawan Space Centre, India",2019-11-27,3:58:00,PSLV-XL,12610000,True,Cartosat-3 & Rideshares,cartosat rideshares,6,-0.09526589210152048,-0.0406436604596316,crs / gsat / apollo
Inmarsat 5 F5 & TIBA-1,Arianespace,"ELA-3, Guiana Space Centre, French Guiana, France",2019-11-26,21:23:00,Ariane 5 ECA,17420000,True,Inmarsat 5 F5 & TIBA-1,inmarsat f tiba,6,-0.08977595675390368,-0.03503299732253665,crs / gsat / apollo
Starlink V1 L1,SpaceX,"SLC-40, Cape Canaveral AFS, Florida, USA",2019-11-11,14:56:00,Falcon 9 Block 5,9210000,True,Starlink V1 L1,starlink v l,4,-0.12338918703245284,-0.10123192340543531,starlink / starlink group / group
CRS NG-12,Northrop,"LP-0A, Wallops Flight Facility, Virginia, USA",2019-11-02,13:59:00,Antares 230+,21070000,True,CRS NG-12,crs ng,6,-0.10401806292478731,-0.05464786097542297,crs / gsat / apollo
As The Crow Flies,Rocket Lab,"Rocket Lab LC-1A, M?hia Peninsula, New Zealand",2019-10-17,1:22:00,Electron/Curie,3460000,True,As The Crow Flies,as the crow flies,6,-0.0874814903464714,-0.03283651036637708,crs / gsat / apollo
ICON,Northrop,"Stargazer, Cape Canaveral AFS, Florida, USA",2019-10-11,1:59:00,Pegasus XL,18550000,True,ICON,icon,6,-0.08748149034647121,-0.03283651036780685,crs / gsat / apollo
Eutelsat 5 West B & MEV-1,ILS,"Site 200/39, Baikonur Cosmodrome, Kazakhstan",2019-10-09,10:17:00,Proton-M/Briz-M,22140000,True,Eutelsat 5 West B & MEV-1,eutelsat west b mev,6,-0.09253504651941888,-0.03436736520519645,crs / gsat / apollo
Soyuz MS-15 (61S),Roscosmos,"Site 1/5, Baikonur Cosmodrome, Kazakhstan",2019-09-25,13:57:00,Soyuz FG,23680000,True,Soyuz MS-15 (61S),soyuz ms s,5,-0.11089651534418357,-0.06483636749574567,soyuz / soyuz ms / ms
Soyuz MS-14 (60S),Roscosmos,"Site 31/6, Baikonur Cosmodrome, Kazakhstan",2019-08-22,3:38:00,Soyuz 2.1a,8790000,True,Soyuz MS-14 (60S),soyuz ms s,5,-0.11089651534418357,-0.06483636749574567,soyuz / soyuz ms / ms
"Look Ma, No Hands!",Rocket Lab,"Rocket Lab LC-1A, M?hia Peninsula, New Zealand",2019-08-19,12:12:00,Electron/Curie,17680000,True,"Look Ma, No Hands!",look ma no hands,6,-0.08871396239168412,-0.03398894722281321,crs / gsat / apollo
AMOS-17,SpaceX,"SLC-40, Cape Canaveral AFS, Florida, USA",2019-08-06,23:23:00,Falcon 9 Block 5,18220000,True,AMOS-17,amos,6,-0.08860621244275799,-0.03385775973898674,crs / gsat / apollo
EDRS-C/HYLAS 3 & Intelsat 39,Arianespace,"ELA-3, Guiana Space Centre, French Guiana, France",2019-08-06,19:30:00,Ariane 5 ECA,19710000,True,EDRS-C/HYLAS 3 & Intelsat 39,edrschylas intelsat,6,-0.11319810173292132,0.31474149139601165,crs / gsat / apollo
Cosmos 2539,Roscosmos,"Site 81/24, Baikonur Cosmodrome, Kazakhstan",2019-08-05,21:56:00,Proton-M/Briz-M,5730000,True,Cosmos 2539,cosmos,6,-0.08893711357159365,-0.0341646676239338,crs / gsat / apollo
Progress MS-12,Roscosmos,"Site 31/6, Baikonur Cosmodrome, Kazakhstan",2019-07-31,12:10:00,Soyuz 2.1a,19390000,True,Progress MS-12,progress ms,6,-0.10953845686380043,-0.06277336541434132,crs / gsat / apollo
CRS-18,SpaceX,"SLC-40, Cape Canaveral AFS, Florida, USA",2019-07-25,22:01:00,Falcon 9 Block 5,17720000,True,CRS-18,crs,6,-0.11235985642803023,-0.06625467006024273,crs / gsat / apollo
Chandrayaan-2 lunar mission,ISRO,"Second Launch Pad, Satish Dhawan Space Centre, India",2019-07-22,9:13:00,GSLV Mk III,21260000,True,Chandrayaan-2 lunar mission,chandrayaan lunar mission,6,-0.08947111070941517,-0.03467691097331905,crs / gsat / apollo
Soyuz MS-13 (59S),Roscosmos,"Site 1/5, Baikonur Cosmodrome, Kazakhstan",2019-07-20,16:28:00,Soyuz FG,13170000,True,Soyuz MS-13 (59S),soyuz ms s,5,-0.11089651534418357,-0.06483636749574567,soyuz / soyuz ms / ms
Spektr-RG,Roscosmos,"Site 81/24, Baikonur Cosmodrome, Kazakhstan",2019-07-13,12:31:00,Proton-M/DM-3,23850000,True,Spektr-RG,spektrrg,6,-0.0874814903464729,-0.03283651036735349,crs / gsat / apollo
Falcon Eye 1,Arianespace,"ELV-1 (SLV), Guiana Space Centre, French Guiana, France",2019-07-11,1:53:00,Vega,6460000,False,Falcon Eye 1,falcon eye,6,-0.08820329681985413,-0.033487424554787086,crs / gsat / apollo
"Meteor-M No.2-2, Landmapper-BC 5 & 6, and Others",Roscosmos,"Site 1S, Vostochny Cosmodrome, Russia",2019-07-05,5:41:00,Soyuz 2.1b/Fregat-M,7670000,True,"Meteor-M No.2-2, Landmapper-BC 5 & 6, and Others",meteorm no landmapperbc and others,6,-0.08773813771336011,-0.03308046395562103,crs / gsat / apollo
Make it Rain,Rocket Lab,"Rocket Lab LC-1A, M?hia Peninsula, New Zealand",2019-06-29,4:30:00,Electron/Curie,16950000,True,Make it Rain,make it rain,6,-0.08748149034647237,-0.032836510366659605,crs / gsat / apollo
STP-2,SpaceX,"LC-39A, Kennedy Space Center, Florida, USA",2019-06-25,6:30:00,Falcon Heavy,19200000,True,STP-2,stp,6,-0.08900933565020155,-0.034232188382718645,crs / gsat / apollo
Eutelsat 7C &  AT&T T-16,Arianespace,"ELA-3, Guiana Space Centre, French Guiana, France",2019-06-20,21:43:00,Ariane 5 ECA,5860000,True,Eutelsat 7C &  AT&T T-16,eutelsat c att t,6,-0.09178004270937247,-0.036030655493072855,crs / gsat / apollo
RADARSAT Constellation,SpaceX,"SLC-4E, Vandenberg AFB, California, USA",2019-06-12,14:17:00,Falcon 9 Block 5,12720000,True,RADARSAT Constellation,radarsat constellation,6,-0.08748149034647121,-0.03283651036686353,crs / gsat / apollo
Yamal-601,Roscosmos,"Site 200/39, Baikonur Cosmodrome, Kazakhstan",2019-05-30,17:42:00,Proton-M/Briz-M,4010000,True,Yamal-601,yamal,6,-0.0874814903464727,-0.03283651036676955,crs / gsat / apollo
Cosmos 2534,Roscosmos,"Site 43/4, Plesetsk Cosmodrome, Russia",2019-05-27,6:23:00,Soyuz 2.1b/Fregat-M,1850000,True,Cosmos 2534,cosmos,6,-0.08893711357159365,-0.0341646676239338,crs / gsat / apollo
Starlink V0.9,SpaceX,"SLC-40, Cape Canaveral AFS, Florida, USA",2019-05-24,2:30:00,Falcon 9 Block 5,11630000,True,Starlink V0.9,starlink v,4,-0.12338918703245284,-0.10123192340543531,starlink / starlink group / group
RISAT-2B,ISRO,"First Launch Pad, Satish Dhawan Space Centre, India",2019-05-22,0:00:00,PSLV-CA,18410000,True,RISAT-2B,risat b,6,-0.08933746948781693,-0.03452916999881517,crs / gsat / apollo
That's a Funny Looking Cactus,Rocket Lab,"Rocket Lab LC-1A, M?hia Peninsula, New Zealand",2019-05-05,6:00:00,Electron/Curie,19190000,True,That's a Funny Looking Cactus,thats a funny looking cactus,6,-0.08748149034647042,-0.03283651036615051,crs / gsat / apollo
CRS-17,SpaceX,"SLC-40, Cape Canaveral AFS, Florida, USA",2019-05-04,6:48:00,Falcon 9 Block 5,14970000,True,CRS-17,crs,6,-0.11235985642803023,-0.06625467006024273,crs / gsat / apollo
CRS NG-11,Northrop,"LP-0A, Wallops Flight Facility, Virginia, USA",2019-04-17,20:46:00,Antares 230,15660000,True,CRS NG-11,crs ng,6,-0.10401806292478731,-0.05464786097542297,crs / gsat / apollo
ArabSat 6A,SpaceX,"LC-39A, Kennedy Space Center, Florida, USA",2019-04-11,22:35:00,Falcon Heavy,16110000,True,ArabSat 6A,arabsat a,6,-0.09051718666756778,-0.03570473545929067,crs / gsat / apollo
O3b FM17-FM20,Arianespace,"ELS, Guiana Space Centre, French Guiana, France",2019-04-04,17:04:00,Soyuz ST-B/Fregat-MT,5040000,True,O3b FM17-FM20,o b fm fm,1,-0.09715362210628574,-0.04303770275496873,fm / fm fm / galileo
Progress MS-11 (72P),Roscosmos,"Site 31/6, Baikonur Cosmodrome, Kazakhstan",2019-04-04,11:01:00,Soyuz 2.1a,16090000,True,Progress MS-11 (72P),progress ms p,6,-0.10953845686380043,-0.06277336541434132,crs / gsat / apollo
EMISAT & Rideshares,ISRO,"Second Launch Pad, Satish Dhawan Space Centre, India",2019-04-01,3:57:00,PSLV-QL,5910000,True,EMISAT & Rideshares,emisat rideshares,6,-0.09080807232445454,-0.03617238578791367,crs / gsat / apollo
Two Thumbs Up,Rocket Lab,"Rocket Lab LC-1A, M?hia Peninsula, New Zealand",2019-03-28,23:27:00,Electron/Curie,12900000,True,Two Thumbs Up,two thumbs up,6,-0.08748149034646753,-0.03283651036686333,crs / gsat / apollo
PRISMA,Arianespace,"ELV-1 (SLV), Guiana Space Centre, French Guiana, France",2019-03-22,1:50:00,Vega,9940000,True,PRISMA,prisma,6,-0.0874814903464705,-0.03283651036729544,crs / gsat / apollo
Soyuz MS-12 (58S),Roscosmos,"Site 1/5, Baikonur Cosmodrome, Kazakhstan",2019-03-14,19:14:00,Soyuz FG,7900000,True,Soyuz MS-12 (58S),soyuz ms s,5,-0.11089651534418357,-0.06483636749574567,soyuz / soyuz ms / ms
SpaceX Demo-1,SpaceX,"LC-39A, Kennedy Space Center, Florida, USA",2019-03-02,7:49:00,Falcon 9 Block 5,23300000,True,SpaceX Demo-1,spacex demo,6,-0.08950943245577009,-0.03471023620061235,crs / gsat / apollo
OneWeb #1,Arianespace,"ELS, Guiana Space Centre, French Guiana, France",2019-02-27,21:37:00,Soyuz ST-B/Fregat-M,17370000,True,OneWeb #1,oneweb,6,-0.08968324285238423,-0.03486986419011689,crs / gsat / apollo
Nusantara Satu & Beresheet,SpaceX,"SLC-40, Cape Canaveral AFS, Florida, USA",2019-02-22,1:45:00,Falcon 9 Block 5,1340000,True,Nusantara Satu & Beresheet,nusantara satu beresheet,6,-0.08748149034647115,-0.0328365103667059,crs / gsat / apollo
GSAT-31 & Hellas-Sat-4,Arianespace,"ELA-3, Guiana Space Centre, French Guiana, France",2019-02-05,21:01:00,Ariane 5 ECA,21140000,True,GSAT-31 & Hellas-Sat-4,gsat hellassat,6,-0.09386751701713632,-0.03971753940636614,crs / gsat / apollo
Microsat-R,ISRO,"First Launch Pad, Satish Dhawan Space Centre, India",2019-01-24,18:07:00,PSLV-DL,22930000,True,Microsat-R,microsatr,6,-0.08748149034647076,-0.032836510366936335,crs / gsat / apollo
Iridium-8,SpaceX,"SLC-4E, Vandenberg AFB, California, USA",2019-01-11,15:31:00,Falcon 9 Block 5,10050000,True,Iridium-8,iridium,6,-0.0923805423677288,-0.03755377685640992,crs / gsat / apollo
Kanopus-V No. 5-6 & Rideshares,Roscosmos,"Site 1S, Vostochny Cosmodrome, Russia",2018-12-27,2:07:00,Soyuz 2.1a/Fregat,3660000,True,Kanopus-V No. 5-6 & Rideshares,kanopusv no rideshares,6,-0.0918051340340953,-0.037132851857092065,crs / gsat / apollo
GPS III SV01,SpaceX,"SLC-40, Cape Canaveral AFS, Florida, USA",2018-12-23,13:51:00,Falcon 9 Block 5,10560000,True,GPS III SV01,gps iii sv,6,-0.09257170557015726,-0.038024032935297686,crs / gsat / apollo
CSO 1,Arianespace,"ELS, Guiana Space Centre, French Guiana, France",2018-12-19,16:37:00,Soyuz ST-A/Fregat-M,11440000,True,CSO 1,cso,6,-0.08820329681982306,-0.033487424690995575,crs / gsat / apollo
GSAT-7A,ISRO,"Second Launch Pad, Satish Dhawan Space Centre, India",2018-12-19,10:40:00,GSLV Mk II,17940000,True,GSAT-7A,gsat a,6,-0.10065375256327912,-0.04715839800507049,crs / gsat / apollo
This one's for Pickering,Rocket Lab,"Rocket Lab LC-1A, M?hia Peninsula, New Zealand",2018-12-16,6:33:00,Electron/Curie,3580000,True,This one's for Pickering,this ones for pickering,6,-0.08748149034646842,-0.032836510366048316,crs / gsat / apollo
CRS-16,SpaceX,"SLC-40, Cape Canaveral AFS, Florida, USA",2018-12-05,18:16:00,Falcon 9 Block 5,9050000,True,CRS-16,crs,6,-0.11235985642803023,-0.06625467006024273,crs / gsat / apollo
GSAT-11 & GEO-KOMPSAT 2A,Arianespace,"ELA-3, Guiana Space Centre, French Guiana, France",2018-12-04,20:37:00,Ariane 5 ECA,23560000,True,GSAT-11 & GEO-KOMPSAT 2A,gsat geokompsat a,6,-0.0937038340158572,-0.03958452513897518,crs / gsat / apollo
Spaceflight SSO-A,SpaceX,"SLC-4E, Vandenberg AFB, California, USA",2018-12-03,18:34:00,Falcon 9 Block 5,8510000,True,Spaceflight SSO-A,spaceflight ssoa,6,-0.08773173455350727,-0.03307085265274237,crs / gsat / apollo
Soyuz MS-11 (57S),Roscosmos,"Site 1/5, Baikonur Cosmodrome, Kazakhstan",2018-12-03,11:31:00,Soyuz FG,24430000,True,Soyuz MS-11 (57S),soyuz ms s,5,-0.11089651534418357,-0.06483636749574567,soyuz / soyuz ms / ms
HySIS,ISRO,"First Launch Pad, Satish Dhawan Space Centre, India",2018-11-29,4:27:00,PSLV-CA,18770000,True,HySIS,hysis,6,-0.08748149034647205,-0.03283651036588281,crs / gsat / apollo
Mohammed VI-B,Arianespace,"ELV-1 (SLV), Guiana Space Centre, French Guiana, France",2018-11-21,1:42:00,Vega,11970000,True,Mohammed VI-B,mohammed vib,6,-0.08788140130688053,-0.033195307441788315,crs / gsat / apollo
CRS NG-10,Northrop,"LP-0A, Wallops Flight Facility, Virginia, USA",2018-11-17,9:01:00,Antares 230,2680000,True,CRS NG-10,crs ng,6,-0.10401806292478731,-0.05464786097542297,crs / gsat / apollo
Progress MS-10 (71P),Roscosmos,"Site 31/6, Baikonur Cosmodrome, Kazakhstan",2018-11-16,18:14:00,Soyuz FG,20410000,True,Progress MS-10 (71P),progress ms p,6,-0.10953845686380043,-0.06277336541434132,crs / gsat / apollo
Es'hail 2,SpaceX,"LC-39A, Kennedy Space Center, Florida, USA",2018-11-15,20:46:00,Falcon 9 Block 5,3310000,True,Es'hail 2,eshail,6,-0.08748149034646872,-0.03283651036627385,crs / gsat / apollo
GSAT 29,ISRO,"Second Launch Pad, Satish Dhawan Space Centre, India",2018-11-14,11:38:00,GSLV Mk III,13090000,True,GSAT 29,gsat,6,-0.10065375256327912,-0.04715839800507049,crs / gsat / apollo
It's Business Time,Rocket Lab,"Rocket Lab LC-1A, M?hia Peninsula, New Zealand",2018-11-11,3:50:00,Electron/Curie,23060000,True,It's Business Time,its business time,6,-0.08748149034646938,-0.03283651036708139,crs / gsat / apollo
MetOp C,Arianespace,"ELS, Guiana Space Centre, French Guiana, France",2018-11-07,0:47:00,Soyuz ST-B/Fregat-M,14540000,True,MetOp C,metop c,6,-0.08748149034647193,-0.032836510366400354,crs / gsat / apollo
Lotus-S No.4,Roscosmos,"Site 43/4, Plesetsk Cosmodrome, Russia",2018-10-25,0:15:00,Soyuz 2.1b,10630000,True,Lotus-S No.4,lotuss no,6,-0.08748149034647185,-0.032836510365823066,crs / gsat / apollo
BepiColombo,Arianespace,"ELA-3, Guiana Space Centre, French Guiana, France",2018-10-20,1:45:00,Ariane 5 ECA,3140000,True,BepiColombo,bepicolombo,6,-0.08748149034647253,-0.03283651036551632,crs / gsat / apollo
Soyuz MS-10 (56S),Roscosmos,"Site 1/5, Baikonur Cosmodrome, Kazakhstan",2018-10-11,8:40:00,Soyuz FG,19920000,False,Soyuz MS-10 (56S),soyuz ms s,5,-0.11089651534418357,-0.06483636749574567,soyuz / soyuz ms / ms
SAOCOM 1A,SpaceX,"SLC-4E, Vandenberg AFB, California, USA",2018-10-08,2:21:00,Falcon 9 Block 5,3720000,True,SAOCOM 1A,saocom a,6,-0.08794403014479982,-0.03327736598030344,crs / gsat / apollo
Horizons-3e & Azerspace 2/Intelsat 38,Arianespace,"ELA-3, Guiana Space Centre, French Guiana, France",2018-09-25,22:38:00,Ariane 5 ECA,15700000,True,Horizons-3e & Azerspace 2/Intelsat 38,horizons e azerspace intelsat,6,-0.10743407919635017,0.22942805260416574,crs / gsat / apollo
SSTL-1 & NovaSAR-S,ISRO,"First Launch Pad, Satish Dhawan Space Centre, India",2018-09-16,16:38:00,PSLV-CA,15700000,True,SSTL-1 & NovaSAR-S,sstl novasars,6,-0.08748149034646911,-0.03283651036662546,crs / gsat / apollo
Telstar 18V / APStar 5C,SpaceX,"SLC-40, Cape Canaveral AFS, Florida, USA",2018-09-10,4:45:00,Falcon 9 Block 5,23740000,True,Telstar 18V / APStar 5C,telstar v apstar c,6,-0.0893688182587622,-0.03461218351906372,crs / gsat / apollo
ADM-Aeolus,Arianespace,"ELV-1 (SLV), Guiana Space Centre, French Guiana, France",2018-08-22,21:20:00,Vega,13030000,True,ADM-Aeolus,admaeolus,6,-0.0874814903464698,-0.03283651036760965,crs / gsat / apollo
Merah Putih (Telkom-4),SpaceX,"SLC-40, Cape Canaveral AFS, Florida, USA",2018-08-07,5:18:00,Falcon 9 Block 5,8340000,True,Merah Putih (Telkom-4),merah putih telkom,6,-0.08808371234236594,-0.03244285755923929,crs / gsat / apollo
Iridium-7,SpaceX,"SLC-4E, Vandenberg AFB, California, USA",2018-07-25,11:39:00,Falcon 9 Block 5,11110000,True,Iridium-7,iridium,6,-0.0923805423677288,-0.03755377685640992,crs / gsat / apollo
Galileo FOC FM19-FM22,Arianespace,"ELA-3, Guiana Space Centre, French Guiana, France",2018-07-25,11:25:00,Ariane 5 ES,5730000,True,Galileo FOC FM19-FM22,galileo foc fm fm,1,-0.09775334192691339,-0.04368849342219669,fm / fm fm / galileo
Telstar 19V,SpaceX,"SLC-40, Cape Canaveral AFS, Florida, USA",2018-07-22,5:50:00,Falcon 9 Block 5,20850000,True,Telstar 19V,telstar v,6,-0.09082597586805352,-0.03597537148924748,crs / gsat / apollo
Progress MS-09 (70P),Roscosmos,"Site 31/6, Baikonur Cosmodrome, Kazakhstan",2018-07-09,21:51:00,Soyuz 2.1a,24080000,True,Progress MS-09 (70P),progress ms p,6,-0.10953845686380043,-0.06277336541434132,crs / gsat / apollo
CRS-15,SpaceX,"SLC-40, Cape Canaveral AFS, Florida, USA",2018-06-29,9:42:00,Falcon 9 Block 4,9230000,True,CRS-15,crs,6,-0.11235985642803023,-0.06625467006024273,crs / gsat / apollo
Soyuz MS-09 (55S),Roscosmos,"Site 1/5, Baikonur Cosmodrome, Kazakhstan",2018-06-06,11:12:00,Soyuz FG,19810000,True,Soyuz MS-09 (55S),soyuz ms s,5,-0.11089651534418357,-0.06483636749574567,soyuz / soyuz ms / ms
SES-12,SpaceX,"SLC-40, Cape Canaveral AFS, Florida, USA",2018-06-04,4:29:00,Falcon 9 Block 4,10550000,True,SES-12,ses,6,-0.09300305358238405,-0.03818291332070852,crs / gsat / apollo
Iridium-6 & GRACE-FO,SpaceX,"SLC-4E, Vandenberg AFB, California, USA",2018-05-22,19:47:00,Falcon 9 Block 4,14580000,True,Iridium-6 & GRACE-FO,iridium gracefo,6,-0.09008793609376321,-0.03535268875552983,crs / gsat / apollo
CRS OA-9E,Northrop,"LP-0A, Wallops Flight Facility, Virginia, USA",2018-05-21,4:44:00,Antares 230,11570000,True,CRS OA-9E,crs oa e,6,-0.09958142147159493,-0.048901151362506515,crs / gsat / apollo
Bangabandhu-1,SpaceX,"LC-39A, Kennedy Space Center, Florida, USA",2018-05-11,20:14:00,Falcon 9 Block 5,3480000,True,Bangabandhu-1,bangabandhu,6,-0.08748149034646922,-0.0328365103666503,crs / gsat / apollo
Transiting Exoplanet Survey Satellite (TESS),SpaceX,"SLC-40, Cape Canaveral AFS, Florida, USA",2018-04-18,22:51:00,Falcon 9 Block 4,19290000,True,Transiting Exoplanet Survey Satellite (TESS),transiting exoplanet survey satellite tess,6,-0.08748149034647029,-0.032836510366190154,crs / gsat / apollo
IRNSS-1I,ISRO,"First Launch Pad, Satish Dhawan Space Centre, India",2018-04-11,22:34:00,PSLV-XL,17550000,True,IRNSS-1I,irnss i,6,-0.09360990195346054,-0.03888463376076931,crs / gsat / apollo
Superbird-B3/DSN-1 & HYLAS-4,Arianespace,"ELA-3, Guiana Space Centre, French Guiana, France",2018-04-05,21:34:00,Ariane 5 ECA,14360000,True,Superbird-B3/DSN-1 & HYLAS-4,superbirdb dsn hylas,6,-0.08833748335955233,-0.029536188582834185,crs / gsat / apollo
CRS-14,SpaceX,"SLC-40, Cape Canaveral AFS, Florida, USA",2018-04-02,20:30:00,Falcon 9 Block 4,8120000,True,CRS-14,crs,6,-0.11235985642803023,-0.06625467006024273,crs / gsat / apollo
Iridium-5,SpaceX,"SLC-4E, Vandenberg AFB, California, USA",2018-03-30,14:14:00,Falcon 9 Block 4,2050000,True,Iridium-5,iridium,6,-0.0923805423677288,-0.03755377685640992,crs / gsat / apollo
Cosmos 2525,Roscosmos,"Site 43/4, Plesetsk Cosmodrome, Russia",2018-03-29,17:38:00,Soyuz 2.1v,4170000,True,Cosmos 2525,cosmos,6,-0.08893711357159365,-0.0341646676239338,crs / gsat / apollo
GSAT-6A,ISRO,"Second Launch Pad, Satish Dhawan Space Centre, India",2018-03-29,11:26:00,GSLV Mk II,5350000,True,GSAT-6A,gsat a,6,-0.10065375256327912,-0.04715839800507049,crs / gsat / apollo
Soyuz MS-08 (54S),Roscosmos,"Site 1/5, Baikonur Cosmodrome, Kazakhstan",2018-03-21,17:44:00,Soyuz FG,16870000,True,Soyuz MS-08 (54S),soyuz ms s,5,-0.11089651534418357,-0.06483636749574567,soyuz / soyuz ms / ms
O3b FM13-FM16,Arianespace,"ELS, Guiana Space Centre, French Guiana, France",2018-03-09,17:10:00,Soyuz ST-B/Fregat-MT,19780000,True,O3b FM13-FM16,o b fm fm,1,-0.09715362210628574,-0.04303770275496873,fm / fm fm / galileo
Hispasat 30W-6,SpaceX,"SLC-40, Cape Canaveral AFS, Florida, USA",2018-03-06,5:33:00,Falcon 9 Block 4,8140000,True,Hispasat 30W-6,hispasat w,6,-0.09050531454347757,-0.03566529975541412,crs / gsat / apollo
"PAZ & Tintin A, Tintin B",SpaceX,"SLC-4E, Vandenberg AFB, California, USA",2018-02-22,14:17:00,Falcon 9 Block 3,10290000,True,"PAZ & Tintin A, Tintin B",paz tintin a tintin b,6,-0.0874814903464709,-0.032836510367031974,crs / gsat / apollo
Progress MS-08 (69P),Roscosmos,"Site 31/6, Baikonur Cosmodrome, Kazakhstan",2018-02-13,8:13:00,Soyuz 2.1a,19160000,True,Progress MS-08 (69P),progress ms p,6,-0.10953845686380043,-0.06277336541434132,crs / gsat / apollo
Test Flight,SpaceX,"LC-39A, Kennedy Space Center, Florida, USA",2018-02-06,20:45:00,Falcon Heavy,1690000,True,Test Flight,test flight,6,-0.09312312724470173,-0.038245146641210384,crs / gsat / apollo
Kanopus-V No. 3-4 & Rideshares,Roscosmos,"Site 1S, Vostochny Cosmodrome, Russia",2018-02-01,2:07:00,Soyuz 2.1a/Fregat-M,20620000,True,Kanopus-V No. 3-4 & Rideshares,kanopusv no rideshares,6,-0.0918051340340953,-0.037132851857092065,crs / gsat / apollo
GovSat-1 / SES-16,SpaceX,"SLC-40, Cape Canaveral AFS, Florida, USA",2018-01-31,21:25:00,Falcon 9 Block 3,15650000,True,GovSat-1 / SES-16,govsat ses,6,-0.09029580901181797,-0.035569524206176074,crs / gsat / apollo
SES-14/GOLD & Al Yah-3,Arianespace,"ELA-3, Guiana Space Centre, French Guiana, France",2018-01-25,22:20:00,Ariane 5 ECA,11130000,False,SES-14/GOLD & Al Yah-3,ses gold al yah,6,-0.08928359835769759,-0.034586160779008966,crs / gsat / apollo
Still Testing,Rocket Lab,"Rocket Lab LC-1A, M?hia Peninsula, New Zealand",2018-01-21,1:43:00,Electron/Curie,23610000,True,Still Testing,still testing,6,-0.08748149034647104,-0.032836510366198626,crs / gsat / apollo
Cartosat-2F & Rideshares,ISRO,"First Launch Pad, Satish Dhawan Space Centre, India",2018-01-12,3:58:00,PSLV-XL,21850000,True,Cartosat-2F & Rideshares,cartosat f rideshares,6,-0.09526589210152048,-0.0406436604596316,crs / gsat / apollo
Zuma,SpaceX,"SLC-40, Cape Canaveral AFS, Florida, USA",2018-01-08,1:00:00,Falcon 9 Block 4,6750000,True,Zuma,zuma,6,-0.08748149034647061,-0.03283651036685919,crs / gsat / apollo
Iridium-4,SpaceX,"SLC-4E, Vandenberg AFB, California, USA",2017-12-23,1:27:00,Falcon 9 Block 3,2380000,True,Iridium-4,iridium,6,-0.0923805423677288,-0.03755377685640992,crs / gsat / apollo
Soyuz MS-07 (53S),Roscosmos,"Site 1/5, Baikonur Cosmodrome, Kazakhstan",2017-12-17,7:21:00,Soyuz FG,22750000,True,Soyuz MS-07 (53S),soyuz ms s,5,-0.11089651534418357,-0.06483636749574567,soyuz / soyuz ms / ms
CRS-13,SpaceX,"SLC-40, Cape Canaveral AFS, Florida, USA",2017-12-15,15:36:00,Falcon 9 Block 3,11710000,True,CRS-13,crs,6,-0.11235985642803023,-0.06625467006024273,crs / gsat / apollo
Galileo FOC FM15-FM18,Arianespace,"ELA-3, Guiana Space Centre, French Guiana, France",2017-12-12,18:36:00,Ariane 5 ES,23190000,True,Galileo FOC FM15-FM18,galileo foc fm fm,1,-0.09775334192691339,-0.04368849342219669,fm / fm fm / galileo
Meteor-M No.2-1 & Rideshares,Roscosmos,"Site 1S, Vostochny Cosmodrome, Russia",2017-11-28,5:41:00,Soyuz 2.1b/Fregat-M,18470000,False,Meteor-M No.2-1 & Rideshares,meteorm no rideshares,6,-0.09112536824605523,-0.036463661761989924,crs / gsat / apollo
CRS OA-8E,Northrop,"LP-0A, Wallops Flight Facility, Virginia, USA",2017-11-12,12:19:00,Antares 230,2550000,True,CRS OA-8E,crs oa e,6,-0.09958142147159493,-0.048901151362506515,crs / gsat / apollo
Mohammed VI-A,Arianespace,"ELV-1 (SLV), Guiana Space Centre, French Guiana, France",2017-11-08,1:42:00,Vega,14280000,True,Mohammed VI-A,mohammed via,6,-0.0878814013068805,-0.03319530744178845,crs / gsat / apollo
SkySat & Flock-3m,Northrop,"SLC-576E, Vandenberg AFB, California, USA",2017-10-31,21:37:00,Minotaur C (Taurus),19920000,True,SkySat & Flock-3m,skysat flock m,6,-0.08805995759854016,-0.03366271245307362,crs / gsat / apollo
Koreasat 5A,SpaceX,"LC-39A, Kennedy Space Center, Florida, USA",2017-10-30,19:34:00,Falcon 9 Block 4,8620000,True,Koreasat 5A,koreasat a,6,-0.08900754080045765,-0.03423552221055421,crs / gsat / apollo
Progress MS-07 (68P),Roscosmos,"Site 31/6, Baikonur Cosmodrome, Kazakhstan",2017-10-14,8:46:00,Soyuz 2.1a,8200000,True,Progress MS-07 (68P),progress ms p,6,-0.10953845686380043,-0.06277336541434132,crs / gsat / apollo
SES-11 / EchoStar 105,SpaceX,"LC-39A, Kennedy Space Center, Florida, USA",2017-10-11,22:53:00,Falcon 9 Block 3,5950000,True,SES-11 / EchoStar 105,ses echostar,6,-0.09342435432784854,-0.038576943125051215,crs / gsat / apollo
Iridium-3,SpaceX,"SLC-4E, Vandenberg AFB, California, USA",2017-10-09,12:37:00,Falcon 9 Block 4,13800000,True,Iridium-3,iridium,6,-0.0923805423677288,-0.03755377685640992,crs / gsat / apollo
"Intelsat 37e, BSAT-4a",Arianespace,"ELA-3, Guiana Space Centre, French Guiana, France",2017-09-29,21:56:00,Ariane 5 ECA,17960000,True,"Intelsat 37e, BSAT-4a",intelsat e bsat a,6,-0.11759918609268012,0.34829806564532834,crs / gsat / apollo
Amazonas 5,ILS,"Site 200/39, Baikonur Cosmodrome, Kazakhstan",2017-09-11,19:23:00,Proton-M/Briz-M,10620000,True,Amazonas 5,amazonas,6,-0.08859684097310391,-0.03385475584752626,crs / gsat / apollo
OTV-5,SpaceX,"LC-39A, Kennedy Space Center, Florida, USA",2017-09-07,14:00:00,Falcon 9 Block 4,1440000,True,OTV-5,otv,6,-0.08748149034646976,-0.03283651036610076,crs / gsat / apollo
IRNSS-1H,ISRO,"First Launch Pad, Satish Dhawan Space Centre, India",2017-08-31,13:30:00,PSLV-XL,3860000,False,IRNSS-1H,irnss h,6,-0.09360990195346054,-0.03888463376076931,crs / gsat / apollo
ORS-5,Northrop,"SLC-46, Cape Canaveral AFS, Florida, USA",2017-08-25,6:04:00,Minotaur IV,21480000,True,ORS-5,ors,6,-0.08918317341058017,-0.034429274302444295,crs / gsat / apollo
Formosat-5,SpaceX,"SLC-4E, Vandenberg AFB, California, USA",2017-08-24,18:51:00,Falcon 9 Block 3,18500000,True,Formosat-5,formosat,6,-0.0878814013068803,-0.033195307429221166,crs / gsat / apollo
CRS-12,SpaceX,"LC-39A, Kennedy Space Center, Florida, USA",2017-08-14,16:31:00,Falcon 9 Block 4,13000000,True,CRS-12,crs,6,-0.11235985642803023,-0.06625467006024273,crs / gsat / apollo
Soyuz MS-06 (52S),Roscosmos,"Site 1/5, Baikonur Cosmodrome, Kazakhstan",2017-08-12,21:17:00,Soyuz FG,2270000,True,Soyuz MS-06 (52S),soyuz ms s,5,-0.11089651534418357,-0.06483636749574567,soyuz / soyuz ms / ms
OPSAT 3000 & VEN†æS,Arianespace,"ELV-1 (SLV), Guiana Space Centre, French Guiana, France",2017-08-02,1:58:00,Vega,6730000,True,OPSAT 3000 & VEN†æS,opsat ven†æs,6,-0.08748149034647164,-0.032836510367071386,crs / gsat / apollo
Soyuz MS-05 (51S),Roscosmos,"Site 1/5, Baikonur Cosmodrome, Kazakhstan",2017-07-28,15:41:00,Soyuz FG,16620000,True,Soyuz MS-05 (51S),soyuz ms s,5,-0.11089651534418357,-0.06483636749574567,soyuz / soyuz ms / ms
Kanopus-V IK & Rideshares,Roscosmos,"Site 31/6, Baikonur Cosmodrome, Kazakhstan",2017-07-14,6:36:00,Soyuz 2.1a/Fregat,19120000,False,Kanopus-V IK & Rideshares,kanopusv ik rideshares,6,-0.09043121731461867,-0.03577643808038632,crs / gsat / apollo
Intelsat 35e,SpaceX,"LC-39A, Kennedy Space Center, Florida, USA",2017-07-05,20:25:00,Falcon 9 Block 3,21370000,True,Intelsat 35e,intelsat e,3,-0.15978120851655936,0.9414709268839893,intelsat / intelsat intelsat / æs
"Hellas Sat 3-Inmarsat S EAN, GSAT-17",Arianespace,"ELA-3, Guiana Space Centre, French Guiana, France",2017-06-28,21:15:00,Ariane 5 ECA,21320000,True,"Hellas Sat 3-Inmarsat S EAN, GSAT-17",hellas sat inmarsat s ean gsat,6,-0.09206568893211658,-0.03765213644968785,crs / gsat / apollo
Iridium-2,SpaceX,"SLC-4E, Vandenberg AFB, California, USA",2017-06-25,20:25:00,Falcon 9 Block 3,24950000,True,Iridium-2,iridium,6,-0.0923805423677288,-0.03755377685640992,crs / gsat / apollo
BulgariaSat-1,SpaceX,"LC-39A, Kennedy Space Center, Florida, USA",2017-06-23,19:10:00,Falcon 9 Block 3,3610000,True,BulgariaSat-1,bulgariasat,6,-0.0874814903464697,-0.03283651036661515,crs / gsat / apollo
Cartosat-2E & Rideshares,ISRO,"First Launch Pad, Satish Dhawan Space Centre, India",2017-06-23,3:59:00,PSLV-XL,22090000,True,Cartosat-2E & Rideshares,cartosat e rideshares,6,-0.09526589210152048,-0.0406436604596316,crs / gsat / apollo
Progress MS-06 (67P),Roscosmos,"Site 31/6, Baikonur Cosmodrome, Kazakhstan",2017-06-14,9:20:00,Soyuz 2.1a,5980000,True,Progress MS-06 (67P),progress ms p,6,-0.10953845686380043,-0.06277336541434132,crs / gsat / apollo
Echostar 21,ILS,"Site 81/24, Baikonur Cosmodrome, Kazakhstan",2017-06-08,3:45:00,Proton-M/Briz-M,2740000,True,Echostar 21,echostar,6,-0.09266333671955887,-0.037830983033789144,crs / gsat / apollo
GSAT-19,ISRO,"Second Launch Pad, Satish Dhawan Space Centre, India",2017-06-05,11:58:00,GSLV Mk III,24260000,True,GSAT-19,gsat,6,-0.10065375256327912,-0.04715839800507049,crs / gsat / apollo
CRS-11,SpaceX,"LC-39A, Kennedy Space Center, Florida, USA",2017-06-03,21:07:00,Falcon 9 Block 3,2300000,True,CRS-11,crs,6,-0.11235985642803023,-0.06625467006024273,crs / gsat / apollo
"ViaSat 2, Eutelsat 172B",Arianespace,"ELA-3, Guiana Space Centre, French Guiana, France",2017-06-01,23:45:00,Ariane 5 ECA,15520000,True,"ViaSat 2, Eutelsat 172B",viasat eutelsat b,6,-0.09178004270937266,-0.03603065549303131,crs / gsat / apollo
It's a Test,Rocket Lab,"Rocket Lab LC-1A, M?hia Peninsula, New Zealand",2017-05-25,4:20:00,Electron,19200000,False,It's a Test,its a test,6,-0.09099135191146084,-0.036196183250933385,crs / gsat / apollo
SES-15,Arianespace,"ELS, Guiana Space Centre, French Guiana, France",2017-05-18,11:54:00,Soyuz ST-A/Fregat-M,16030000,True,SES-15,ses,6,-0.09300305358238405,-0.03818291332070852,crs / gsat / apollo
Inmarsat-5 F4,SpaceX,"LC-39A, Kennedy Space Center, Florida, USA",2017-05-15,23:21:00,Falcon 9 Block 3,11400000,True,Inmarsat-5 F4,inmarsat f,6,-0.09186283359132091,-0.037020100644630606,crs / gsat / apollo
GSAT-9,ISRO,"Second Launch Pad, Satish Dhawan Space Centre, India",2017-05-05,11:27:00,GSLV Mk II,15400000,True,GSAT-9,gsat,6,-0.10065375256327912,-0.04715839800507049,crs / gsat / apollo
"Koreasat 7, SGDC-1",Arianespace,"ELA-3, Guiana Space Centre, French Guiana, France",2017-05-04,21:50:00,Ariane 5 ECA,16910000,True,"Koreasat 7, SGDC-1",koreasat sgdc,6,-0.08846942910321783,-0.03374317501382903,crs / gsat / apollo
NROL-76,SpaceX,"LC-39A, Kennedy Space Center, Florida, USA",2017-05-01,11:15:00,Falcon 9 Block 3,17050000,True,NROL-76,nrol,6,-0.09288118630542545,-0.03805309132376421,crs / gsat / apollo
Soyuz MS-04 (50S),Roscosmos,"Site 1/5, Baikonur Cosmodrome, Kazakhstan",2017-04-20,7:13:00,Soyuz FG,13770000,True,Soyuz MS-04 (50S),soyuz ms s,5,-0.11089651534418357,-0.06483636749574567,soyuz / soyuz ms / ms
SES-10,SpaceX,"LC-39A, Kennedy Space Center, Florida, USA",2017-03-30,22:27:00,Falcon 9 Block 3,8360000,True,SES-10,ses,6,-0.09300305358238405,-0.03818291332070852,crs / gsat / apollo
Echostar 23,SpaceX,"LC-39A, Kennedy Space Center, Florida, USA",2017-03-16,6:00:00,Falcon 9 Block 3,23280000,True,Echostar 23,echostar,6,-0.09266333671955887,-0.037830983033789144,crs / gsat / apollo
Sentinel 2B,Arianespace,"ELV-1 (SLV), Guiana Space Centre, French Guiana, France",2017-03-07,1:49:00,Vega,9800000,True,Sentinel 2B,sentinel b,6,-0.08960808702502586,-0.03478858152679935,crs / gsat / apollo
Progress MS-05 (66P),Roscosmos,"Site 1/5, Baikonur Cosmodrome, Kazakhstan",2017-02-22,5:58:00,Soyuz U,10030000,True,Progress MS-05 (66P),progress ms p,6,-0.10953845686380043,-0.06277336541434132,crs / gsat / apollo
CRS-10,SpaceX,"LC-39A, Kennedy Space Center, Florida, USA",2017-02-19,14:39:00,Falcon 9 Block 3,15500000,True,CRS-10,crs,6,-0.11235985642803023,-0.06625467006024273,crs / gsat / apollo
Cartosat-2D & Rideshares,ISRO,"First Launch Pad, Satish Dhawan Space Centre, India",2017-02-15,3:58:00,PSLV-XL,11820000,True,Cartosat-2D & Rideshares,cartosat d rideshares,6,-0.09526589210152048,-0.0406436604596316,crs / gsat / apollo
Intelsat 32e/SkyBrasil-1 & Telkom-3S,Arianespace,"ELA-3, Guiana Space Centre, French Guiana, France",2017-02-14,21:39:00,Ariane 5 ECA,22720000,True,Intelsat 32e/SkyBrasil-1 & Telkom-3S,intelsat eskybrasil telkom s,6,-0.10741210547889828,0.22765928071264768,crs / gsat / apollo
Hispasat AG1,Arianespace,"ELS, Guiana Space Centre, French Guiana, France",2017-01-28,1:03:00,Soyuz ST-B/Fregat-MT,1050000,True,Hispasat AG1,hispasat ag,6,-0.08918056730556093,-0.034429560892936924,crs / gsat / apollo
Iridium-1,SpaceX,"SLC-4E, Vandenberg AFB, California, USA",2017-01-14,17:54:00,Falcon 9 Block 3,11640000,True,Iridium-1,iridium,6,-0.0923805423677288,-0.03755377685640992,crs / gsat / apollo
"Star One D1, JCSAT-15",Arianespace,"ELA-3, Guiana Space Centre, French Guiana, France",2016-12-21,20:30:00,Ariane 5 ECA,6590000,True,"Star One D1, JCSAT-15",star one d jcsat,6,-0.09209039196323822,-0.037276191010827846,crs / gsat / apollo
CYGNSS,Northrop,"Stargazer, Cape Canaveral AFS, Florida, USA",2016-12-15,13:37:00,Pegasus XL,6550000,True,CYGNSS,cygnss,6,-0.087481490346472,-0.03283651036514249,crs / gsat / apollo
Resourcesat-2A,ISRO,"First Launch Pad, Satish Dhawan Space Centre, India",2016-12-07,4:54:00,PSLV-XL,3480000,True,Resourcesat-2A,resourcesat a,6,-0.08819463546855569,-0.033485687492181095,crs / gsat / apollo
G??kt??rk-1A,Arianespace,"ELV-1 (SLV), Guiana Space Centre, French Guiana, France",2016-12-05,13:51:00,Vega,7790000,True,G??kt??rk-1A,gktrk a,6,-0.08748149034646929,-0.032836510366208584,crs / gsat / apollo
Progress MS-04,Roscosmos,"Site 1/5, Baikonur Cosmodrome, Kazakhstan",2016-12-01,14:52:00,Soyuz U,24900000,False,Progress MS-04,progress ms,6,-0.10953845686380043,-0.06277336541434132,crs / gsat / apollo
Soyuz MS-03,Roscosmos,"Site 1/5, Baikonur Cosmodrome, Kazakhstan",2016-11-17,20:20:00,Soyuz FG,10020000,True,Soyuz MS-03,soyuz ms,5,-0.11089651534418357,-0.06483636749574567,soyuz / soyuz ms / ms
Galileo FOC FM7/FM12-FM14,Arianespace,"ELA-3, Guiana Space Centre, French Guiana, France",2016-11-17,13:06:00,Ariane 5 ES,1620000,True,Galileo FOC FM7/FM12-FM14,galileo foc fm fm fm,1,-0.09824633001277601,-0.04419675209042243,fm / fm fm / galileo
Soyuz MS-02,Roscosmos,"Site 31/6, Baikonur Cosmodrome, Kazakhstan",2016-10-19,8:05:00,Soyuz FG,4150000,True,Soyuz MS-02,soyuz ms,5,-0.11089651534418357,-0.06483636749574567,soyuz / soyuz ms / ms
CRS OA-5,Northrop,"LP-0A, Wallops Flight Facility, Virginia, USA",2016-10-17,23:45:00,Antares 230,13770000,True,CRS OA-5,crs oa,6,-0.09958142147159493,-0.048901151362506515,crs / gsat / apollo
"Sky Muster II, GSAT-18",Arianespace,"ELA-3, Guiana Space Centre, French Guiana, France",2016-10-05,20:30:00,Ariane 5 ECA,10020000,True,"Sky Muster II, GSAT-18",sky muster ii gsat,6,-0.09142617952899781,-0.037086408358968224,crs / gsat / apollo
ScatSat-1 & Rideshares,ISRO,"First Launch Pad, Satish Dhawan Space Centre, India",2016-09-26,3:42:00,PSLV-G,8360000,True,ScatSat-1 & Rideshares,scatsat rideshares,6,-0.09080807232445404,-0.03617238578816994,crs / gsat / apollo
PeruSat-1 and SkySats 4-7,Arianespace,"ELV-1 (SLV), Guiana Space Centre, French Guiana, France",2016-09-16,1:43:00,Vega,2380000,True,PeruSat-1 and SkySats 4-7,perusat and skysats,6,-0.08748149034646793,-0.03283651036645135,crs / gsat / apollo
INSAT-3DR,ISRO,"Second Launch Pad, Satish Dhawan Space Centre, India",2016-09-08,11:20:00,GSLV Mk II,23640000,True,INSAT-3DR,insat dr,6,-0.09042156334668326,-0.03568955337140153,crs / gsat / apollo
AMOS-6,SpaceX,"SLC-40, Cape Canaveral AFS, Florida, USA",2016-09-01,13:07:00,Falcon 9 Block 3,11300000,False,AMOS-6,amos,6,-0.08860621244275799,-0.03385775973898674,crs / gsat / apollo
"Intelsat 33e, Intelsat 36",Arianespace,"ELA-3, Guiana Space Centre, French Guiana, France",2016-08-24,22:16:00,Ariane 5 ECA,16680000,True,"Intelsat 33e, Intelsat 36",intelsat e intelsat,3,-0.14041449583858087,0.6821575015021547,intelsat / intelsat intelsat / æs
JCSAT-16,SpaceX,"SLC-40, Cape Canaveral AFS, Florida, USA",2016-08-14,5:26:00,Falcon 9 Block 3,19300000,True,JCSAT-16,jcsat,6,-0.09441092213690801,-0.03956246585557291,crs / gsat / apollo
CRS-9,SpaceX,"SLC-40, Cape Canaveral AFS, Florida, USA",2016-07-18,4:45:00,Falcon 9 Block 3,17800000,True,CRS-9,crs,6,-0.11235985642803023,-0.06625467006024273,crs / gsat / apollo
Progress MS-03,Roscosmos,"Site 31/6, Baikonur Cosmodrome, Kazakhstan",2016-07-16,21:41:00,Soyuz U,21890000,True,Progress MS-03,progress ms,6,-0.10953845686380043,-0.06277336541434132,crs / gsat / apollo
Soyuz MS-01,Roscosmos,"Site 1/5, Baikonur Cosmodrome, Kazakhstan",2016-07-07,1:36:00,Soyuz FG,2700000,True,Soyuz MS-01,soyuz ms,5,-0.11089651534418357,-0.06483636749574567,soyuz / soyuz ms / ms
Cartosat-2C & Rideshares,ISRO,"Second Launch Pad, Satish Dhawan Space Centre, India",2016-06-22,3:56:00,PSLV-XL,24870000,True,Cartosat-2C & Rideshares,cartosat c rideshares,6,-0.09526589210152048,-0.0406436604596316,crs / gsat / apollo
"EchoStar 18, BRISat",Arianespace,"ELA-3, Guiana Space Centre, French Guiana, France",2016-06-18,5:20:00,Ariane 5 ECA,23340000,True,"EchoStar 18, BRISat",echostar brisat,6,-0.09016258638534651,-0.03542798959506935,crs / gsat / apollo
ABS-2A & Eutelsat 117 West B,SpaceX,"SLC-40, Cape Canaveral AFS, Florida, USA",2016-06-15,14:29:00,Falcon 9 Block 3,14090000,True,ABS-2A & Eutelsat 117 West B,abs a eutelsat west b,6,-0.09301766073380874,-0.03471968986372564,crs / gsat / apollo
Intelsat 31 / DLA-2,ILS,"Site 81/24, Baikonur Cosmodrome, Kazakhstan",2016-06-09,7:10:00,Proton-M/Briz-M,9110000,True,Intelsat 31 / DLA-2,intelsat dla,6,-0.11319810173292238,0.31474149139603075,crs / gsat / apollo
Thaicom 8,SpaceX,"SLC-40, Cape Canaveral AFS, Florida, USA",2016-05-27,21:39:00,Falcon 9 Block 3,5740000,True,Thaicom 8,thaicom,6,-0.08975884182033825,-0.03491268070162614,crs / gsat / apollo
Galileo FOC FM10/FM11,Arianespace,"ELS, Guiana Space Centre, French Guiana, France",2016-05-24,8:48:00,Soyuz ST-B/Fregat-MT,22570000,True,Galileo FOC FM10/FM11,galileo foc fm fm,1,-0.09775334192691339,-0.04368849342219669,fm / fm fm / galileo
JCSAT-14,SpaceX,"SLC-40, Cape Canaveral AFS, Florida, USA",2016-05-06,5:21:00,Falcon 9 Block 3,19400000,True,JCSAT-14,jcsat,6,-0.09441092213690801,-0.03956246585557291,crs / gsat / apollo
IRNSS-1G,ISRO,"First Launch Pad, Satish Dhawan Space Centre, India",2016-04-28,7:20:00,PSLV-XL,12630000,True,IRNSS-1G,irnss g,6,-0.09360990195346054,-0.03888463376076931,crs / gsat / apollo
"Mikhailo Lomonosov, Aist-2D, & SamSat 218",Roscosmos,"Site 1S, Vostochny Cosmodrome, Russia",2016-04-28,2:01:00,Soyuz 2.1a/Volga,7360000,True,"Mikhailo Lomonosov, Aist-2D, & SamSat 218",mikhailo lomonosov aist d samsat,6,-0.08748149034647185,-0.03283651036675418,crs / gsat / apollo
"Sentinel 1B, MICROSCOPE & Others",Arianespace,"ELS, Guiana Space Centre, French Guiana, France",2016-04-25,21:02:00,Soyuz ST-A/Fregat-M,5020000,True,"Sentinel 1B, MICROSCOPE & Others",sentinel b microscope others,6,-0.08876591106623802,-0.034018600848597896,crs / gsat / apollo
CRS-8,SpaceX,"SLC-40, Cape Canaveral AFS, Florida, USA",2016-04-08,20:43:00,Falcon 9 Block 3,9970000,True,CRS-8,crs,6,-0.11235985642803023,-0.06625467006024273,crs / gsat / apollo
Progress MS-02,Roscosmos,"Site 31/6, Baikonur Cosmodrome, Kazakhstan",2016-03-31,16:23:00,Soyuz 2.1a,19880000,True,Progress MS-02,progress ms,6,-0.10953845686380043,-0.06277336541434132,crs / gsat / apollo
Soyuz TMA-20M,Roscosmos,"Site 1/5, Baikonur Cosmodrome, Kazakhstan",2016-03-18,21:26:00,Soyuz FG,14930000,True,Soyuz TMA-20M,soyuz tma m,6,-0.09349471839466074,-0.040814438483627556,crs / gsat / apollo
ExoMars Trace Gas Orbiter & Schiaparelli EDM,Roscosmos,"Site 200/39, Baikonur Cosmodrome, Kazakhstan",2016-03-14,9:31:00,Proton-M/Briz-M,11860000,True,ExoMars Trace Gas Orbiter & Schiaparelli EDM,exomars trace gas orbiter schiaparelli edm,6,-0.08839445292873786,-0.03368582168175248,crs / gsat / apollo
Resurs-P No.3,Roscosmos,"Site 31/6, Baikonur Cosmodrome, Kazakhstan",2016-03-13,18:56:00,Soyuz 2.1b,22470000,True,Resurs-P No.3,resursp no,6,-0.0874814903464692,-0.03283651036698506,crs / gsat / apollo
IRNSS-1F,ISRO,"Second Launch Pad, Satish Dhawan Space Centre, India",2016-03-10,10:31:00,PSLV-XL,16640000,True,IRNSS-1F,irnss f,6,-0.09360990195346054,-0.03888463376076931,crs / gsat / apollo
Eutelsat 65 West A,Arianespace,"ELA-3, Guiana Space Centre, French Guiana, France",2016-03-09,5:20:00,Ariane 5 ECA,19070000,True,Eutelsat 65 West A,eutelsat west a,6,-0.09415640328835069,-0.03458091027815853,crs / gsat / apollo
SES-9,SpaceX,"SLC-40, Cape Canaveral AFS, Florida, USA",2016-03-04,23:35:00,Falcon 9 Block 3,3760000,True,SES-9,ses,6,-0.09300305358238405,-0.03818291332070852,crs / gsat / apollo
Eutelsat 9B,ILS,"Site 200/39, Baikonur Cosmodrome, Kazakhstan",2016-01-29,22:20:00,Proton-M/Briz-M,11240000,True,Eutelsat 9B,eutelsat b,6,-0.0972354162813649,-0.03995890103866727,crs / gsat / apollo
Intelsat 29e,Arianespace,"ELA-3, Guiana Space Centre, French Guiana, France",2016-01-27,23:20:00,Ariane 5 ECA,15390000,True,Intelsat 29e,intelsat e,3,-0.15978120851655936,0.9414709268839893,intelsat / intelsat intelsat / æs
IRNSS-1E,ISRO,"Second Launch Pad, Satish Dhawan Space Centre, India",2016-01-20,4:01:00,PSLV-XL,14050000,True,IRNSS-1E,irnss e,6,-0.09360990195346054,-0.03888463376076931,crs / gsat / apollo
Jason-3,SpaceX,"SLC-4E, Vandenberg AFB, California, USA",2016-01-17,18:42:00,Falcon 9 v1.1,8910000,True,Jason-3,jason,6,-0.08748149034647228,-0.032836510366874315,crs / gsat / apollo
OG2 Mission 2,SpaceX,"SLC-40, Cape Canaveral AFS, Florida, USA",2015-12-22,1:29:00,Falcon 9 Block 3,23620000,True,OG2 Mission 2,og mission,6,-0.08899298469688707,-0.03421757683669995,crs / gsat / apollo
Galileo FOC FM8-FM9,Arianespace,"ELS, Guiana Space Centre, French Guiana, France",2015-12-17,11:51:00,Soyuz ST-B/Fregat-MT,22220000,True,Galileo FOC FM8-FM9,galileo foc fm fm,1,-0.09775334192691339,-0.04368849342219669,fm / fm fm / galileo
TeLEOS-1 & Rideshares,ISRO,"First Launch Pad, Satish Dhawan Space Centre, India",2015-12-16,12:30:00,PSLV-CA,21900000,True,TeLEOS-1 & Rideshares,teleos rideshares,6,-0.0908080723244537,-0.036172385787788204,crs / gsat / apollo
Elektro-L n†­2,Roscosmos,"Site 45/1, Baikonur Cosmodrome, Kazakhstan",2015-12-11,13:45:00,Zenit-3 SLBF,22850000,True,Elektro-L n†­2,elektrol n†­,6,-0.08893711356433312,-0.0341646695375245,crs / gsat / apollo
LISA Pathfinder,Arianespace,"ELV-1 (SLV), Guiana Space Centre, French Guiana, France",2015-12-03,4:04:00,Vega,2180000,True,LISA Pathfinder,lisa pathfinder,6,-0.08748149034646929,-0.03283651036645683,crs / gsat / apollo
"Arabsat 6B, GSAT-15",Arianespace,"ELA-3, Guiana Space Centre, French Guiana, France",2015-11-10,21:34:00,Ariane 5 ECA,22000000,True,"Arabsat 6B, GSAT-15",arabsat b gsat,6,-0.09562951566249042,-0.041431035091374864,crs / gsat / apollo
"NBN Co 1A, ARSAT-2",Arianespace,"ELA-3, Guiana Space Centre, French Guiana, France",2015-09-30,20:30:00,Ariane 5 ECA,19340000,True,"NBN Co 1A, ARSAT-2",nbn co a arsat,6,-0.08781440932969875,-0.03059896741997921,crs / gsat / apollo
Astrosat & Rideshares,ISRO,"First Launch Pad, Satish Dhawan Space Centre, India",2015-09-28,4:30:00,PSLV-XL,18700000,True,Astrosat & Rideshares,astrosat rideshares,6,-0.09080807232445458,-0.03617238578787165,crs / gsat / apollo
Galileo FOC FM05-FM06,Arianespace,"ELS, Guiana Space Centre, French Guiana, France",2015-09-11,2:08:00,Soyuz ST-B/Fregat-MT,20160000,True,Galileo FOC FM05-FM06,galileo foc fm fm,1,-0.09775334192691339,-0.04368849342219669,fm / fm fm / galileo
GSAT-6,ISRO,"Second Launch Pad, Satish Dhawan Space Centre, India",2015-08-27,11:22:00,GSLV Mk II,23060000,True,GSAT-6,gsat,6,-0.10065375256327912,-0.04715839800507049,crs / gsat / apollo
"Eutelsat 8 West B, Intelsat 34",Arianespace,"ELA-3, Guiana Space Centre, French Guiana, France",2015-08-20,20:34:00,Ariane 5 ECA,13630000,True,"Eutelsat 8 West B, Intelsat 34",eutelsat west b intelsat,6,-0.11450281495453511,0.25741360751164544,crs / gsat / apollo
"Star One C4, MSG-4",Arianespace,"ELA-3, Guiana Space Centre, French Guiana, France",2015-07-15,21:42:00,Ariane 5 ECA,9100000,True,"Star One C4, MSG-4",star one c msg,6,-0.08907630670424571,-0.03433177594995659,crs / gsat / apollo
UK-DMC3A/B/C & Rideshares,ISRO,"First Launch Pad, Satish Dhawan Space Centre, India",2015-07-10,16:28:00,PSLV-XL,22600000,True,UK-DMC3A/B/C & Rideshares,ukdmc abc rideshares,6,-0.08997442706426868,-0.035335892326965816,crs / gsat / apollo
CRS-7,SpaceX,"SLC-40, Cape Canaveral AFS, Florida, USA",2015-06-28,14:21:00,Falcon 9 v1.1,7890000,False,CRS-7,crs,6,-0.11235985642803023,-0.06625467006024273,crs / gsat / apollo
Sentinel-2A,Arianespace,"ELV-1 (SLV), Guiana Space Centre, French Guiana, France",2015-06-23,1:51:00,Vega,5880000,True,Sentinel-2A,sentinel a,6,-0.08960808702502586,-0.03478858152679935,crs / gsat / apollo
"DirecTV-15, Sky Mexico 1",Arianespace,"ELA-3, Guiana Space Centre, French Guiana, France",2015-05-27,21:16:00,Ariane 5 ECA,18120000,True,"DirecTV-15, Sky Mexico 1",directv sky mexico,6,-0.08820971229974175,-0.03351836069572852,crs / gsat / apollo
Turkmen??lem52E/MonacoSat,SpaceX,"SLC-40, Cape Canaveral AFS, Florida, USA",2015-04-27,23:03:00,Falcon 9 v1.1,5080000,True,Turkmen??lem52E/MonacoSat,turkmenlem emonacosat,6,-0.08748149034647057,-0.032836510366669826,crs / gsat / apollo
"Thor 7, SICRAL-2",Arianespace,"ELA-3, Guiana Space Centre, French Guiana, France",2015-04-26,20:00:00,Ariane 5 ECA,19620000,True,"Thor 7, SICRAL-2",thor sicral,6,-0.08796655505314578,-0.03327968857349725,crs / gsat / apollo
CRS-6,SpaceX,"SLC-40, Cape Canaveral AFS, Florida, USA",2015-04-15,20:10:00,Falcon 9 v1.1,20610000,True,CRS-6,crs,6,-0.11235985642803023,-0.06625467006024273,crs / gsat / apollo
IRNSS-1D,ISRO,"Second Launch Pad, Satish Dhawan Space Centre, India",2015-03-28,11:49:00,PSLV-XL,12340000,True,IRNSS-1D,irnss d,6,-0.09360990195346054,-0.03888463376076931,crs / gsat / apollo
Galileo FOC FM03-FM04,Arianespace,"ELS, Guiana Space Centre, French Guiana, France",2015-03-27,21:46:00,Soyuz ST-B/Fregat-MT,22860000,True,Galileo FOC FM03-FM04,galileo foc fm fm,1,-0.09775334192691339,-0.04368849342219669,fm / fm fm / galileo
ABS-3A & EUTELSAT 115 West B,SpaceX,"SLC-40, Cape Canaveral AFS, Florida, USA",2015-03-02,3:50:00,Falcon 9 v1.1,16790000,True,ABS-3A & EUTELSAT 115 West B,abs a eutelsat west b,6,-0.09301766073380874,-0.03471968986372564,crs / gsat / apollo
DSCOVR,SpaceX,"SLC-40, Cape Canaveral AFS, Florida, USA",2015-02-11,23:03:00,Falcon 9 v1.1,7310000,True,DSCOVR,dscovr,6,-0.08748149034646888,-0.032836510365973355,crs / gsat / apollo
IXV,Arianespace,"ELV-1 (SLV), Guiana Space Centre, French Guiana, France",2015-02-11,13:40:00,Vega,22140000,True,IXV,ixv,6,-0.08748149034647133,-0.03283651036690375,crs / gsat / apollo
CRS-5,SpaceX,"SLC-40, Cape Canaveral AFS, Florida, USA",2015-01-10,9:47:00,Falcon 9 v1.1,9230000,True,CRS-5,crs,6,-0.11235985642803023,-0.06625467006024273,crs / gsat / apollo
O3b FM09-FM12,Arianespace,"ELS, Guiana Space Centre, French Guiana, France",2014-12-18,18:37:00,Soyuz ST-B/Fregat-MT,7570000,True,O3b FM09-FM12,o b fm fm,1,-0.09715362210628574,-0.04303770275496873,fm / fm fm / galileo
Demo Flight (CARE),ISRO,"Second Launch Pad, Satish Dhawan Space Centre, India",2014-12-18,4:00:00,GSLV Mk III,22510000,True,Demo Flight (CARE),demo flight care,6,-0.08951986838172256,-0.03477056092574608,crs / gsat / apollo
"DirecTV-14, GSAT-16",Arianespace,"ELA-3, Guiana Space Centre, French Guiana, France",2014-12-06,20:40:00,Ariane 5 ECA,9530000,True,"DirecTV-14, GSAT-16",directv gsat,6,-0.09436204265420028,-0.04018974270358371,crs / gsat / apollo
CRS Orb-3,Northrop,"LP-0A, Wallops Flight Facility, Virginia, USA",2014-10-28,22:22:00,Antares 130,17800000,False,CRS Orb-3,crs orb,6,-0.09958142147172296,-0.048901151288567875,crs / gsat / apollo
"Intelsat 30, ARSAT-1",Arianespace,"ELA-3, Guiana Space Centre, French Guiana, France",2014-10-16,21:43:00,Ariane 5 ECA,17310000,True,"Intelsat 30, ARSAT-1",intelsat arsat,6,-0.1140623434559872,0.3227574342323914,crs / gsat / apollo
IRNSS-1C,ISRO,"First Launch Pad, Satish Dhawan Space Centre, India",2014-10-16,20:02:00,PSLV-XL,8690000,True,IRNSS-1C,irnss c,6,-0.09360990195346054,-0.03888463376076931,crs / gsat / apollo
CRS-4,SpaceX,"SLC-40, Cape Canaveral AFS, Florida, USA",2014-09-21,5:52:00,Falcon 9 v1.1,16620000,True,CRS-4,crs,6,-0.11235985642803023,-0.06625467006024273,crs / gsat / apollo
"MEASAT 3b, Optus 10",Arianespace,"ELA-3, Guiana Space Centre, French Guiana, France",2014-09-11,22:05:00,Ariane 5 ECA,1370000,True,"MEASAT 3b, Optus 10",measat b optus,6,-0.08912407718489097,-0.031924090408193107,crs / gsat / apollo
AsiaSat 6,SpaceX,"SLC-40, Cape Canaveral AFS, Florida, USA",2014-09-07,5:00:00,Falcon 9 v1.1,13010000,True,AsiaSat 6,asiasat,6,-0.08893711357145524,-0.034164667737895275,crs / gsat / apollo
Galileo FOC FM01-FM02,Arianespace,"ELS, Guiana Space Centre, French Guiana, France",2014-08-22,12:27:00,Soyuz ST-B/Fregat-MT,12080000,False,Galileo FOC FM01-FM02,galileo foc fm fm,1,-0.09775334192691339,-0.04368849342219669,fm / fm fm / galileo
AsiaSat 8,SpaceX,"SLC-40, Cape Canaveral AFS, Florida, USA",2014-08-05,8:00:00,Falcon 9 v1.1,18770000,True,AsiaSat 8,asiasat,6,-0.08893711357145524,-0.034164667737895275,crs / gsat / apollo
Georges Lema??tre ATV,Arianespace,"ELA-3, Guiana Space Centre, French Guiana, France",2014-07-29,23:47:00,Ariane 5 ES,6540000,True,Georges Lema??tre ATV,georges lematre atv,6,-0.08792548622316668,-0.03323513813319595,crs / gsat / apollo
OG2 Mission 1,SpaceX,"SLC-40, Cape Canaveral AFS, Florida, USA",2014-07-14,15:15:00,Falcon 9 v1.1,21620000,True,OG2 Mission 1,og mission,6,-0.08899298469688707,-0.03421757683669995,crs / gsat / apollo
CRS Orb-2,Northrop,"LP-0A, Wallops Flight Facility, Virginia, USA",2014-07-13,16:52:00,Antares 120,3500000,True,CRS Orb-2,crs orb,6,-0.09958142147172296,-0.048901151288567875,crs / gsat / apollo
O3b FM03/FM06-FM08,Arianespace,"ELS, Guiana Space Centre, French Guiana, France",2014-07-10,18:55:00,Soyuz ST-B/Fregat-MT,12510000,True,O3b FM03/FM06-FM08,o b fm fm fm,1,-0.09709813977104832,-0.04298064041545201,fm / fm fm / galileo
SPOT-7 & Rideshares,ISRO,"First Launch Pad, Satish Dhawan Space Centre, India",2014-06-30,4:22:00,PSLV-CA,16620000,True,SPOT-7 & Rideshares,spot rideshares,6,-0.09245473080029774,-0.0377012518632368,crs / gsat / apollo
KazEOSat-1,Arianespace,"ELV-1 (SLV), Guiana Space Centre, French Guiana, France",2014-04-30,1:35:00,Vega,2460000,True,KazEOSat-1,kazeosat,6,-0.08748149034647196,-0.03283651036634389,crs / gsat / apollo
CRS-3,SpaceX,"SLC-40, Cape Canaveral AFS, Florida, USA",2014-04-18,19:25:00,Falcon 9 v1.1,3260000,True,CRS-3,crs,6,-0.11235985642803023,-0.06625467006024273,crs / gsat / apollo
IRNSS-1B,ISRO,"First Launch Pad, Satish Dhawan Space Centre, India",2014-04-04,11:44:00,PSLV-XL,2470000,True,IRNSS-1B,irnss b,6,-0.09360990195346054,-0.03888463376076931,crs / gsat / apollo
Sentinel 1A,Arianespace,"ELS, Guiana Space Centre, French Guiana, France",2014-04-03,21:02:00,Soyuz ST-A/Fregat-M,9110000,True,Sentinel 1A,sentinel a,6,-0.08960808702502586,-0.03478858152679935,crs / gsat / apollo
"Astra 5B, Amazonas 4A",Arianespace,"ELA-3, Guiana Space Centre, French Guiana, France",2014-03-22,22:04:00,Ariane 5 ECA,10900000,True,"Astra 5B, Amazonas 4A",astra b amazonas a,6,-0.09104142142714304,-0.03622077254632949,crs / gsat / apollo
"ABS-2, Athena-Fidus",Arianespace,"ELA-3, Guiana Space Centre, French Guiana, France",2014-02-06,21:30:00,Ariane 5 ECA,3860000,True,"ABS-2, Athena-Fidus",abs athenafidus,6,-0.08787471103373215,-0.033185069064302956,crs / gsat / apollo
CRS Orb-1,Northrop,"LP-0A, Wallops Flight Facility, Virginia, USA",2014-01-09,18:07:00,Antares 120,19800000,True,CRS Orb-1,crs orb,6,-0.09958142147172296,-0.048901151288567875,crs / gsat / apollo
Thaicom 6,SpaceX,"SLC-40, Cape Canaveral AFS, Florida, USA",2014-01-06,22:06:00,Falcon 9 v1.1,23810000,True,Thaicom 6,thaicom,6,-0.08975884182033825,-0.03491268070162614,crs / gsat / apollo
GSAT-14,ISRO,"Second Launch Pad, Satish Dhawan Space Centre, India",2014-01-05,10:48:00,GSLV Mk II,9840000,True,GSAT-14,gsat,6,-0.10065375256327912,-0.04715839800507049,crs / gsat / apollo
Gaia,Arianespace,"ELS, Guiana Space Centre, French Guiana, France",2013-12-19,9:12:00,Soyuz ST-B/Fregat-MT,22770000,True,Gaia,gaia,6,-0.08748149034647086,-0.03283651036615364,crs / gsat / apollo
SES-8,SpaceX,"SLC-40, Cape Canaveral AFS, Florida, USA",2013-12-03,22:41:00,Falcon 9 v1.1,10400000,True,SES-8,ses,6,-0.09300305358238405,-0.03818291332070852,crs / gsat / apollo
ORS-3,Northrop,"LP-0B, Wallops Flight Facility, Virginia, USA",2013-11-20,1:15:00,Minotaur I,19660000,True,ORS-3,ors,6,-0.08918317341058017,-0.034429274302444295,crs / gsat / apollo
Mars Orbiter Mission,ISRO,"First Launch Pad, Satish Dhawan Space Centre, India",2013-11-05,9:08:00,PSLV-XL,8660000,True,Mars Orbiter Mission,mars orbiter mission,6,-0.0896707328565994,-0.03486151522711176,crs / gsat / apollo
CASSIOPE,SpaceX,"SLC-4E, Vandenberg AFB, California, USA",2013-09-29,16:00:00,Falcon 9 v1.1,21380000,True,CASSIOPE,cassiope,6,-0.08748149034647042,-0.032836510366224377,crs / gsat / apollo
CRS Orb-D1,Northrop,"LP-0A, Wallops Flight Facility, Virginia, USA",2013-09-13,14:58:00,Antares 110,15020000,True,CRS Orb-D1,crs orbd,6,-0.09742291834595523,-0.0462371949342529,crs / gsat / apollo
LADEE,Northrop,"LP-0B, Wallops Flight Facility, Virginia, USA",2013-09-07,3:27:00,Minotaur V,6530000,True,LADEE,ladee,6,-0.08748149034647056,-0.03283651036628468,crs / gsat / apollo
"Eutelsat 25B/Es'hail 1, GSAT-7",Arianespace,"ELA-3, Guiana Space Centre, French Guiana, France",2013-08-29,20:30:00,Ariane 5 ECA,17660000,True,"Eutelsat 25B/Es'hail 1, GSAT-7",eutelsat beshail gsat,6,-0.0955447673950159,-0.040436920998910414,crs / gsat / apollo
"Alphasat I-XL, INSAT-3D",Arianespace,"ELA-3, Guiana Space Centre, French Guiana, France",2013-07-25,19:54:00,Ariane 5 ECA,23340000,True,"Alphasat I-XL, INSAT-3D",alphasat ixl insat d,6,-0.08970458682075187,-0.034993750300399445,crs / gsat / apollo
IRNSS-1A,ISRO,"First Launch Pad, Satish Dhawan Space Centre, India",2013-07-01,18:11:00,PSLV-XL,11650000,True,IRNSS-1A,irnss a,6,-0.09360990195346054,-0.03888463376076931,crs / gsat / apollo
IRIS,Northrop,"Stargazer, Vandenberg AFB, California, USA",2013-06-28,2:27:00,Pegasus XL,10990000,True,IRIS,iris,6,-0.08748149034647404,-0.032836510366808666,crs / gsat / apollo
O3b FM01-FM02/FM04-FM05,Arianespace,"ELS, Guiana Space Centre, French Guiana, France",2013-06-25,19:27:00,Soyuz ST-B/Fregat-MT,18760000,True,O3b FM01-FM02/FM04-FM05,o b fm fm fm fm,1,-0.09702138323152543,-0.0429009459176601,fm / fm fm / galileo
Albert Einstein ATV,Arianespace,"ELA-3, Guiana Space Centre, French Guiana, France",2013-06-05,21:52:00,Ariane 5 ES,10110000,True,Albert Einstein ATV,albert einstein atv,6,-0.08792548622316737,-0.03323513813345669,crs / gsat / apollo
"Proba-V, VNREDSat-1A & ESTCube-1",Arianespace,"ELV-1 (SLV), Guiana Space Centre, French Guiana, France",2013-05-07,2:06:00,Vega,21270000,True,"Proba-V, VNREDSat-1A & ESTCube-1",probav vnredsat a estcube,6,-0.0874814903464708,-0.032836510366486285,crs / gsat / apollo
Antares A-ONE,Northrop,"LP-0A, Wallops Flight Facility, Virginia, USA",2013-04-21,21:00:00,Antares 110,16720000,True,Antares A-ONE,antares aone,6,-0.08748149034647225,-0.032836510365661424,crs / gsat / apollo
CRS-2,SpaceX,"SLC-40, Cape Canaveral AFS, Florida, USA",2013-03-01,15:10:00,Falcon 9 v1.0,2530000,True,CRS-2,crs,6,-0.11235985642803023,-0.06625467006024273,crs / gsat / apollo
SARAL & Rideshares,ISRO,"First Launch Pad, Satish Dhawan Space Centre, India",2013-02-25,12:31:00,PSLV-CA,14540000,True,SARAL & Rideshares,saral rideshares,6,-0.0908080723244539,-0.03617238578777641,crs / gsat / apollo
"Amazonas-3, Azerspace-1 (Africasat-1A)",Arianespace,"ELA-3, Guiana Space Centre, French Guiana, France",2013-02-07,21:36:00,Ariane 5 ECA,12760000,True,"Amazonas-3, Azerspace-1 (Africasat-1A)",amazonas azerspace africasat a,6,-0.0882924997934644,-0.032489725393938594,crs / gsat / apollo
"Skynet 5D, Mexsat-3",Arianespace,"ELA-3, Guiana Space Centre, French Guiana, France",2012-12-19,21:49:00,Ariane 5 ECA,4420000,True,"Skynet 5D, Mexsat-3",skynet d mexsat,6,-0.08901318597200826,-0.03428789183729147,crs / gsat / apollo
Pl??iades 1B,Arianespace,"ELS, Guiana Space Centre, French Guiana, France",2012-12-02,2:02:00,Soyuz ST-A/Fregat,4040000,True,Pl??iades 1B,pliades b,6,-0.08778871839938082,-0.0331117494337848,crs / gsat / apollo
"Eutelsat 21B, Star One C3",Arianespace,"ELA-3, Guiana Space Centre, French Guiana, France",2012-11-10,21:05:00,Ariane 5 ECA,22350000,True,"Eutelsat 21B, Star One C3",eutelsat b star one c,6,-0.09315233609307388,-0.037249999314736056,crs / gsat / apollo
Galileo IOV FM03-FM04,Arianespace,"ELS, Guiana Space Centre, French Guiana, France",2012-10-12,15:15:00,Soyuz ST-B/Fregat-MT,6480000,True,Galileo IOV FM03-FM04,galileo iov fm fm,1,-0.09524820359128612,-0.041031188583132434,fm / fm fm / galileo
CRS-1,SpaceX,"SLC-40, Cape Canaveral AFS, Florida, USA",2012-10-08,0:35:00,Falcon 9 v1.0,21520000,False,CRS-1,crs,6,-0.11235985642803023,-0.06625467006024273,crs / gsat / apollo
"Astra 2F, GSAT-10",Arianespace,"ELA-3, Guiana Space Centre, French Guiana, France",2012-09-28,21:18:00,Ariane 5 ECA,5690000,True,"Astra 2F, GSAT-10",astra f gsat,6,-0.09687559062579812,-0.04268957104808592,crs / gsat / apollo
SPOT-6 & mRESINS & PROITERES,ISRO,"First Launch Pad, Satish Dhawan Space Centre, India",2012-09-09,4:23:00,PSLV-CA,18620000,True,SPOT-6 & mRESINS & PROITERES,spot mresins proiteres,6,-0.08848414953747989,-0.033766052468116654,crs / gsat / apollo
"Intelsat 20, HYLAS 2",Arianespace,"ELA-3, Guiana Space Centre, French Guiana, France",2012-08-02,20:54:00,Ariane 5 ECA,5860000,True,"Intelsat 20, HYLAS 2",intelsat hylas,6,-0.11594014758228907,0.34374633709967733,crs / gsat / apollo
"EchoStar XVII, MSG-3",Arianespace,"ELA-3, Guiana Space Centre, French Guiana, France",2012-07-05,21:36:00,Ariane 5 ECA,13520000,True,"EchoStar XVII, MSG-3",echostar xvii msg,6,-0.09004173207338607,-0.035293186287531274,crs / gsat / apollo
NuSTAR,Northrop,"Stargazer, Ronald Reagan Ballistic Missile Defense Test Site, Marshall Islands, USA",2012-06-13,16:00:00,Pegasus XL,18080000,True,NuSTAR,nustar,6,-0.0874814903464709,-0.03283651036617421,crs / gsat / apollo
COTS-2+,SpaceX,"SLC-40, Cape Canaveral AFS, Florida, USA",2012-05-22,7:44:00,Falcon 9 v1.0,1050000,True,COTS-2+,cots,6,-0.08820329681982207,-0.03348742466775185,crs / gsat / apollo
"JCSAT-13, Vinasat-2",Arianespace,"ELA-3, Guiana Space Centre, French Guiana, France",2012-05-15,22:13:00,Ariane 5 ECA,18690000,True,"JCSAT-13, Vinasat-2",jcsat vinasat,6,-0.09113671580140692,-0.036381255687142615,crs / gsat / apollo
PSLV- C19 RISAT-1,ISRO,"First Launch Pad, Satish Dhawan Space Centre, India",2012-04-26,22:00:00,PSLV-XL,22850000,True,PSLV- C19 RISAT-1,pslv c risat,6,-0.08862516286897902,-0.033882583524665257,crs / gsat / apollo
RISAT-1,ISRO,"First Launch Pad, Satish Dhawan Space Centre, India",2012-04-26,0:17:00,PSLV-XL,1930000,True,RISAT-1,risat,6,-0.08933746948781693,-0.03452916999881517,crs / gsat / apollo
Edoardo Amaldi ATV,Arianespace,"ELA-3, Guiana Space Centre, French Guiana, France",2012-03-23,4:34:00,Ariane 5 ES,23750000,True,Edoardo Amaldi ATV,edoardo amaldi atv,6,-0.08792548622316704,-0.03323513813308414,crs / gsat / apollo
"Lares, AlmaSat-1 & 7 cubesats",ESA,"ELV-1 (SLV), Guiana Space Centre, French Guiana, France",2012-02-13,10:00:00,Vega,16070000,True,"Lares, AlmaSat-1 & 7 cubesats",lares almasat cubesats,6,-0.08783348880228281,-0.033152081469241444,crs / gsat / apollo
"Pl??iades 1A, SSOT, Elisa",Arianespace,"ELS, Guiana Space Centre, French Guiana, France",2011-12-17,2:03:00,Soyuz ST-A/Fregat,7330000,True,"Pl??iades 1A, SSOT, Elisa",pliades a ssot elisa,6,-0.08778871839938088,-0.033111749433783845,crs / gsat / apollo
Fobos-Grunt & Yinghuo 1,Roscosmos,"Site 45/1, Baikonur Cosmodrome, Kazakhstan",2011-11-08,20:16:00,Zenit-2 FG,24390000,True,Fobos-Grunt & Yinghuo 1,fobosgrunt yinghuo,6,-0.08748149034647237,-0.03283651036719361,crs / gsat / apollo
Galileo IOV FM01-FM02,Arianespace,"ELS, Guiana Space Centre, French Guiana, France",2011-10-21,7:30:00,Soyuz ST-B/Fregat-MT,3910000,True,Galileo IOV FM01-FM02,galileo iov fm fm,1,-0.09524820359128612,-0.041031188583132434,fm / fm fm / galileo
Megha-Tropiques & Rideshares,ISRO,"First Launch Pad, Satish Dhawan Space Centre, India",2011-10-12,5:31:00,PSLV-CA,18130000,True,Megha-Tropiques & Rideshares,meghatropiques rideshares,6,-0.09080807232445398,-0.03617238578768617,crs / gsat / apollo
TacSat-4,Northrop,"LP-1, Pacific Spaceport Complex, Alaska, USA",2011-09-27,15:49:00,Minotaur IV,14510000,True,TacSat-4,tacsat,6,-0.08850776877377772,-0.03378347330562738,crs / gsat / apollo
"Arabsat-5C, SES-2",Arianespace,"ELA-3, Guiana Space Centre, French Guiana, France",2011-09-21,21:38:00,Ariane 5 ECA,6480000,True,"Arabsat-5C, SES-2",arabsat c ses,6,-0.09230098107115928,-0.03745758878954067,crs / gsat / apollo
"Astra 1N, BSAT-3C (JCSAT-110R)",Arianespace,"ELA-3, Guiana Space Centre, French Guiana, France",2011-08-06,22:52:00,Ariane 5 ECA,9930000,True,"Astra 1N, BSAT-3C (JCSAT-110R)",astra n bsat c jcsat r,6,-0.09386240352711715,-0.03714349533921034,crs / gsat / apollo
Spektr-R,Roscosmos,"Site 45/1, Baikonur Cosmodrome, Kazakhstan",2011-07-18,2:31:00,Zenit-3 SLBF,20600000,True,Spektr-R,spektrr,6,-0.08748149034647269,-0.032836510365754974,crs / gsat / apollo
GSAT-12,ISRO,"Second Launch Pad, Satish Dhawan Space Centre, India",2011-07-15,11:18:00,PSLV-XL,10080000,True,GSAT-12,gsat,6,-0.10065375256327912,-0.04715839800507049,crs / gsat / apollo
STS-135,NASA,"LC-39A, Kennedy Space Center, Florida, USA",2011-07-08,15:29:00,Space Shuttle Atlantis,3880000,True,STS-135,sts,2,0.9057820322686173,0.020463996926628213,sts / æs / gstar sbs
ORS-1,Northrop,"LP-0B, Wallops Flight Facility, Virginia, USA",2011-06-30,3:09:00,Minotaur I,5250000,True,ORS-1,ors,6,-0.08918317341058017,-0.034429274302444295,crs / gsat / apollo
"ST-2, GSAT-8",Arianespace,"ELA-3, Guiana Space Centre, French Guiana, France",2011-05-20,20:38:00,Ariane 5 ECA,23030000,True,"ST-2, GSAT-8",st gsat,6,-0.09438633699024176,-0.04020951331118091,crs / gsat / apollo
STS-134,NASA,"LC-39A, Kennedy Space Center, Florida, USA",2011-05-16,12:56:00,Space Shuttle Endeavour,3090000,True,STS-134,sts,2,0.9057820322686173,0.020463996926628213,sts / æs / gstar sbs
"Yahsat 1A, Intelsat 28 (New Dawn)",Arianespace,"ELA-3, Guiana Space Centre, French Guiana, France",2011-04-22,21:37:00,Ariane 5 ECA,17580000,True,"Yahsat 1A, Intelsat 28 (New Dawn)",yahsat a intelsat new dawn,6,-0.10329799490348382,0.1785563301732772,crs / gsat / apollo
ResourceSat-2 & X-Sat & YouthSat,ISRO,"First Launch Pad, Satish Dhawan Space Centre, India",2011-04-20,4:42:00,PSLV-G,12370000,True,ResourceSat-2 & X-Sat & YouthSat,resourcesat xsat youthsat,6,-0.08795165661003619,-0.03326344914404256,crs / gsat / apollo
"Glory, KySat-1, Hermes, and Explorer-1 [PRIME]",Northrop,"SLC-576E, Vandenberg AFB, California, USA",2011-03-04,10:09:00,Minotaur C (Taurus),23110000,False,"Glory, KySat-1, Hermes, and Explorer-1 [PRIME]",glory kysat hermes and explorer prime,6,-0.08861531804330992,-0.03390428116657108,crs / gsat / apollo
STS-133,NASA,"LC-39A, Kennedy Space Center, Florida, USA",2011-02-24,21:53:00,Space Shuttle Discovery,5920000,True,STS-133,sts,2,0.9057820322686173,0.020463996926628213,sts / æs / gstar sbs
Johannes Kepler ATV,Arianespace,"ELA-3, Guiana Space Centre, French Guiana, France",2011-02-15,22:13:00,Ariane 5 ES,5770000,True,Johannes Kepler ATV,johannes kepler atv,6,-0.08792548622316634,-0.03323513813306767,crs / gsat / apollo
NROL-66,Northrop,"SLC-8, Vandenberg AFB, California, USA",2011-02-06,12:26:00,Minotaur I,18260000,True,NROL-66,nrol,6,-0.09288118630542545,-0.03805309132376421,crs / gsat / apollo
Elektro-L n†­1,Roscosmos,"Site 45/1, Baikonur Cosmodrome, Kazakhstan",2011-01-20,12:29:00,Zenit-3 SLBF,1430000,True,Elektro-L n†­1,elektrol n†­,6,-0.08893711356433312,-0.0341646695375245,crs / gsat / apollo
"Koreasat 6, Hispasat-1E",Arianespace,"ELA-3, Guiana Space Centre, French Guiana, France",2010-12-29,21:27:00,Ariane 5 ECA,2770000,True,"Koreasat 6, Hispasat-1E",koreasat hispasat e,6,-0.09028174832174073,-0.03543271583835966,crs / gsat / apollo
GSAT-5P,ISRO,"Second Launch Pad, Satish Dhawan Space Centre, India",2010-12-25,10:34:00,GSLV Mk I,17850000,False,GSAT-5P,gsat p,6,-0.10065375256327912,-0.04715839800507049,crs / gsat / apollo
COTS-1,SpaceX,"SLC-40, Cape Canaveral AFS, Florida, USA",2010-12-08,15:43:00,Falcon 9 v1.0,8190000,True,COTS-1,cots,6,-0.08820329681982207,-0.03348742466775185,crs / gsat / apollo
"Intelsat 17, HYLAS-1",Arianespace,"ELA-3, Guiana Space Centre, French Guiana, France",2010-11-26,18:39:00,Ariane 5 ECA,5500000,True,"Intelsat 17, HYLAS-1",intelsat hylas,6,-0.11594014758228907,0.34374633709967733,crs / gsat / apollo
STP-S26,Northrop,"LP-1, Pacific Spaceport Complex, Alaska, USA",2010-11-20,1:25:00,Minotaur IV,10140000,True,STP-S26,stps,6,-0.08748149034647051,-0.03283651036669571,crs / gsat / apollo
"Eutelsat W3B, BSAT-3B",Arianespace,"ELA-3, Guiana Space Centre, French Guiana, France",2010-10-28,23:51:00,Ariane 5 ECA,2180000,True,"Eutelsat W3B, BSAT-3B",eutelsat w b bsat b,6,-0.09397616226762164,-0.035561323506041465,crs / gsat / apollo
SBSS,Northrop,"SLC-8, Vandenberg AFB, California, USA",2010-09-26,4:41:00,Minotaur IV,5900000,True,SBSS,sbss,6,-0.08748149034646903,-0.032836510366318,crs / gsat / apollo
"Nilesat-201, Rascom-QAF 1R",Arianespace,"ELA-3, Guiana Space Centre, French Guiana, France",2010-08-04,20:45:00,Ariane 5 ECA,22850000,True,"Nilesat-201, Rascom-QAF 1R",nilesat rascomqaf r,6,-0.08855356911730665,-0.03379222841581623,crs / gsat / apollo
Cartosat-2B & Rideshares,ISRO,"First Launch Pad, Satish Dhawan Space Centre, India",2010-07-12,3:52:00,PSLV-CA,10090000,True,Cartosat-2B & Rideshares,cartosat b rideshares,6,-0.09526589210152048,-0.0406436604596316,crs / gsat / apollo
"Arabsat-5A, COMS-1",Arianespace,"ELA-3, Guiana Space Centre, French Guiana, France",2010-06-26,21:41:00,Ariane 5 ECA,13080000,True,"Arabsat-5A, COMS-1",arabsat a coms,6,-0.08914444602971378,-0.03440970749006093,crs / gsat / apollo
Flight 1,SpaceX,"SLC-40, Cape Canaveral AFS, Florida, USA",2010-06-04,18:45:00,Falcon 9 v1.0,7060000,True,Flight 1,flight,6,-0.09117922761129525,-0.036386578963515416,crs / gsat / apollo
Astra 3B  & COMSATBw-2,Arianespace,"ELA-3, Guiana Space Centre, French Guiana, France",2010-05-21,22:01:00,Ariane 5 ECA,6200000,True,Astra 3B  & COMSATBw-2,astra b comsatbw,6,-0.09041456292829587,-0.03565492552879023,crs / gsat / apollo
STS-132,NASA,"LC-39A, Kennedy Space Center, Florida, USA",2010-05-14,18:20:00,Space Shuttle Atlantis,4170000,True,STS-132,sts,2,0.9057820322686173,0.020463996926628213,sts / æs / gstar sbs
Progress M-05M,Roscosmos,"Site 1/5, Baikonur Cosmodrome, Kazakhstan",2010-04-28,17:15:00,Soyuz U,2530000,True,Progress M-05M,progress m m,6,-0.09789742717686116,-0.04692499083974083,crs / gsat / apollo
GSAT-4,ISRO,"Second Launch Pad, Satish Dhawan Space Centre, India",2010-04-15,10:57:00,GSLV Mk II,10110000,False,GSAT-4,gsat,6,-0.10065375256327912,-0.04715839800507049,crs / gsat / apollo
STS-131,NASA,"LC-39A, Kennedy Space Center, Florida, USA",2010-04-05,10:21:00,Space Shuttle Discovery,9320000,True,STS-131,sts,2,0.9057820322686173,0.020463996926628213,sts / æs / gstar sbs
Soyuz TMA-18,Roscosmos,"Site 1/5, Baikonur Cosmodrome, Kazakhstan",2010-04-02,4:04:00,Soyuz FG,9770000,True,Soyuz TMA-18,soyuz tma,6,-0.09349471839466074,-0.040814438483627556,crs / gsat / apollo
STS-130,NASA,"LC-39A, Kennedy Space Center, Florida, USA",2010-02-08,9:14:00,Space Shuttle Endeavour,5960000,True,STS-130,sts,2,0.9057820322686173,0.020463996926628213,sts / æs / gstar sbs
Soyuz-U,Roscosmos,"Site 1/5, Baikonur Cosmodrome, Kazakhstan",2010-02-03,3:45:00,Soyuz U,6660000,True,Soyuz-U,soyuzu,6,-0.08748149034646903,-0.032836510366743545,crs / gsat / apollo
Helios 2B,Arianespace,"ELA-3, Guiana Space Centre, French Guiana, France",2009-12-18,16:26:00,Ariane 5 GS,1060000,True,Helios 2B,helios b,6,-0.08983302773975234,-0.0349977468471706,crs / gsat / apollo
STS-129,NASA,"LC-39A, Kennedy Space Center, Florida, USA",2009-11-16,19:28:00,Space Shuttle Atlantis,7930000,True,STS-129,sts,2,0.9057820322686173,0.020463996926628213,sts / æs / gstar sbs
NSS-12 & Thor-6,Arianespace,"ELA-3, Guiana Space Centre, French Guiana, France",2009-10-29,20:00:00,Ariane 5 ECA,12500000,True,NSS-12 & Thor-6,nss thor,6,-0.08865086679976664,-0.03390592413819691,crs / gsat / apollo
Ares 1-X Test Flight,NASA,"LC-39B, Kennedy Space Center, Florida, USA",2009-10-28,15:30:00,Ares 1-X,17790000,True,Ares 1-X Test Flight,ares x test flight,6,-0.09153231792080445,-0.03673084311674598,crs / gsat / apollo
Amazonas 2 & COMSATBw-1,Arianespace,"ELA-3, Guiana Space Centre, French Guiana, France",2009-10-01,21:59:00,Ariane 5 ECA,24990000,True,Amazonas 2 & COMSATBw-1,amazonas comsatbw,6,-0.08852258555631227,-0.03379239415317377,crs / gsat / apollo
Oceansat-2 & Rideshares,ISRO,"First Launch Pad, Satish Dhawan Space Centre, India",2009-09-23,6:21:00,PSLV-CA,21280000,True,Oceansat-2 & Rideshares,oceansat rideshares,6,-0.09080807232445505,-0.036172385787785775,crs / gsat / apollo
STS-128,NASA,"LC-39A, Kennedy Space Center, Florida, USA",2009-08-28,3:59:00,Space Shuttle Discovery,21820000,True,STS-128,sts,2,0.9057820322686173,0.020463996926628213,sts / æs / gstar sbs
JCSAT-12 & Optus D3,Arianespace,"ELA-3, Guiana Space Centre, French Guiana, France",2009-08-21,22:09:00,Ariane 5 ECA,20630000,True,JCSAT-12 & Optus D3,jcsat optus d,6,-0.09194711039893234,-0.03454589542529387,crs / gsat / apollo
STS-127,NASA,"LC-39A, Kennedy Space Center, Florida, USA",2009-07-15,22:03:00,Space Shuttle Endeavour,4270000,True,STS-127,sts,2,0.9057820322686173,0.020463996926628213,sts / æs / gstar sbs
RazakSat,SpaceX,"Omelek Island, Ronald Reagan Ballistic Missile Defense Test Site, Marshall Islands, USA",2009-07-14,3:35:00,Falcon 1,24630000,True,RazakSat,razaksat,6,-0.0874814903464701,-0.032836510365907616,crs / gsat / apollo
TerreStar-1,Arianespace,"ELA-3, Guiana Space Centre, French Guiana, France",2009-07-01,19:52:00,Ariane 5 ECA,14470000,True,TerreStar-1,terrestar,6,-0.08748149034646815,-0.03283651036602122,crs / gsat / apollo
TacSat-3 / PharmaSat / AeroCube 3 / HawkSat I / CP6,Northrop,"LP-0B, Wallops Flight Facility, Virginia, USA",2009-05-19,23:55:00,Minotaur I,2510000,True,TacSat-3 / PharmaSat / AeroCube 3 / HawkSat I / CP6,tacsat pharmasat aerocube hawksat i cp,6,-0.08793737831299214,-0.033255257984618536,crs / gsat / apollo
Herschel Space Observatory & Planck,Arianespace,"ELA-3, Guiana Space Centre, French Guiana, France",2009-05-14,13:12:00,Ariane 5 ECA,22370000,True,Herschel Space Observatory & Planck,herschel space observatory planck,6,-0.08817235425736336,-0.03348788357787157,crs / gsat / apollo
STS-125,NASA,"LC-39A, Kennedy Space Center, Florida, USA",2009-05-11,18:01:00,Space Shuttle Atlantis,15590000,True,STS-125,sts,2,0.9057820322686173,0.020463996926628213,sts / æs / gstar sbs
RISAT-2 & ANUSAT,ISRO,"Second Launch Pad, Satish Dhawan Space Centre, India",2009-04-20,1:15:00,PSLV-CA,23120000,True,RISAT-2 & ANUSAT,risat anusat,6,-0.08862516286897852,-0.033882583524651726,crs / gsat / apollo
STS-119,NASA,"LC-39A, Kennedy Space Center, Florida, USA",2009-03-15,23:43:00,Space Shuttle Discovery,7340000,True,STS-119,sts,2,0.9057820322686173,0.020463996926628213,sts / æs / gstar sbs
Orbiting Carbon Observatory,Northrop,"SLC-576E, Vandenberg AFB, California, USA",2009-02-24,9:55:00,Minotaur C (Taurus),3390000,False,Orbiting Carbon Observatory,orbiting carbon observatory,6,-0.08771664500681413,-0.03304879693848212,crs / gsat / apollo
"Hot Bird 10, NSS-9, Spirale-A & B",Arianespace,"ELA-3, Guiana Space Centre, French Guiana, France",2009-02-12,22:09:00,Ariane 5 ECA,14340000,True,"Hot Bird 10, NSS-9, Spirale-A & B",hot bird nss spiralea b,6,-0.09156161377778503,-0.03674441960040447,crs / gsat / apollo
Hot Bird 9 & Eutelsat W2M,Arianespace,"ELA-3, Guiana Space Centre, French Guiana, France",2008-12-20,22:35:00,Ariane 5 ECA,11890000,True,Hot Bird 9 & Eutelsat W2M,hot bird eutelsat w m,6,-0.09560226099540481,-0.03982849871502802,crs / gsat / apollo
STS-126,NASA,"LC-39A, Kennedy Space Center, Florida, USA",2008-11-15,0:55:00,Space Shuttle Endeavour,23370000,True,STS-126,sts,2,0.9057820322686173,0.020463996926628213,sts / æs / gstar sbs
Chandrayaan-1,ISRO,"Second Launch Pad, Satish Dhawan Space Centre, India",2008-10-22,0:52:00,PSLV-XL,3110000,True,Chandrayaan-1,chandrayaan,6,-0.08781729209820154,-0.033145646365423324,crs / gsat / apollo
IBEX,Northrop,"Stargazer, Ronald Reagan Ballistic Missile Defense Test Site, Marshall Islands, USA",2008-10-19,17:47:00,Pegasus XL,13130000,True,IBEX,ibex,6,-0.08748149034646897,-0.032836510366769524,crs / gsat / apollo
RatSat,SpaceX,"Omelek Island, Ronald Reagan Ballistic Missile Defense Test Site, Marshall Islands, USA",2008-09-28,23:15:00,Falcon 1,4740000,True,RatSat,ratsat,6,-0.08748149034647208,-0.03283651036615937,crs / gsat / apollo
Superbird-7 & AMC-21,Arianespace,"ELA-3, Guiana Space Centre, French Guiana, France",2008-08-14,20:44:00,Ariane 5 ECA,14950000,True,Superbird-7 & AMC-21,superbird amc,6,-0.09049247580106431,-0.03562570347794901,crs / gsat / apollo
Flight 3,SpaceX,"Omelek Island, Ronald Reagan Ballistic Missile Defense Test Site, Marshall Islands, USA",2008-08-03,3:34:00,Falcon 1,22950000,False,Flight 3,flight,6,-0.09117922761129525,-0.036386578963515416,crs / gsat / apollo
ProtoStar-1 & Badr-6,Arianespace,"ELA-3, Guiana Space Centre, French Guiana, France",2008-07-07,21:47:00,Ariane 5 ECA,1990000,True,ProtoStar-1 & Badr-6,protostar badr,6,-0.08748149034647014,-0.032836510366320834,crs / gsat / apollo
Skynet 5C & Turksat 3A,Arianespace,"ELA-3, Guiana Space Centre, French Guiana, France",2008-06-12,22:05:00,Ariane 5 ECA,24540000,True,Skynet 5C & Turksat 3A,skynet c turksat a,6,-0.08997072994245421,-0.03516972492074431,crs / gsat / apollo
STS-124,NASA,"LC-39A, Kennedy Space Center, Florida, USA",2008-05-31,21:02:00,Space Shuttle Discovery,19420000,True,STS-124,sts,2,0.9057820322686173,0.020463996926628213,sts / æs / gstar sbs
Cartosat-2A & Rideshares,ISRO,"Second Launch Pad, Satish Dhawan Space Centre, India",2008-04-28,3:53:00,PSLV-CA,1640000,True,Cartosat-2A & Rideshares,cartosat a rideshares,6,-0.09526589210152048,-0.0406436604596316,crs / gsat / apollo
Star One C2 & Vinasat-1,Arianespace,"ELA-3, Guiana Space Centre, French Guiana, France",2008-04-18,22:17:00,Ariane 5 ECA,23570000,True,Star One C2 & Vinasat-1,star one c vinasat,6,-0.08876323615141604,-0.034042976603219255,crs / gsat / apollo
C/NOFS,Northrop,"Stargazer, Ronald Reagan Ballistic Missile Defense Test Site, Marshall Islands, USA",2008-04-15,17:01:00,Pegasus XL,9590000,True,C/NOFS,cnofs,6,-0.08748149034646971,-0.03283651036704887,crs / gsat / apollo
STS-123,NASA,"LC-39A, Kennedy Space Center, Florida, USA",2008-03-11,6:28:00,Space Shuttle Endeavour,6380000,True,STS-123,sts,2,0.9057820322686173,0.020463996926628213,sts / æs / gstar sbs
Jules Verne ATV,Arianespace,"ELA-3, Guiana Space Centre, French Guiana, France",2008-03-09,4:03:00,Ariane 5 ES,4240000,True,Jules Verne ATV,jules verne atv,6,-0.08792548622316704,-0.03323513813296021,crs / gsat / apollo
STS-122,NASA,"LC-39A, Kennedy Space Center, Florida, USA",2008-02-07,19:45:00,Space Shuttle Atlantis,6840000,True,STS-122,sts,2,0.9057820322686173,0.020463996926628213,sts / æs / gstar sbs
TecSAR,ISRO,"First Launch Pad, Satish Dhawan Space Centre, India",2008-01-21,3:45:00,PSLV-CA,8700000,True,TecSAR,tecsar,6,-0.08748149034646863,-0.03283651036686314,crs / gsat / apollo
Rascom-QAF1 & Horizons-2,Arianespace,"ELA-3, Guiana Space Centre, French Guiana, France",2007-12-21,21:41:00,Ariane 5 GS,13940000,True,Rascom-QAF1 & Horizons-2,rascomqaf horizons,6,-0.08816069805680211,-0.0321238106498897,crs / gsat / apollo
Skynet 5B & Star One C1,Arianespace,"ELA-3, Guiana Space Centre, French Guiana, France",2007-11-14,22:03:00,Ariane 5 ECA,4050000,True,Skynet 5B & Star One C1,skynet b star one c,6,-0.090154782321382,-0.035354134366770845,crs / gsat / apollo
STS-120,NASA,"LC-39A, Kennedy Space Center, Florida, USA",2007-10-23,3:38:00,Space Shuttle Discovery,14150000,True,STS-120,sts,2,0.9057820322686173,0.020463996926628213,sts / æs / gstar sbs
Intelsat 11 & Optus D2,Arianespace,"ELA-3, Guiana Space Centre, French Guiana, France",2007-10-05,22:02:00,Ariane 5 GS,7260000,True,Intelsat 11 & Optus D2,intelsat optus d,6,-0.11578531207218361,0.33647821303259534,crs / gsat / apollo
INSAT-4CR,ISRO,"Second Launch Pad, Satish Dhawan Space Centre, India",2007-09-02,12:51:00,GSLV Mk I,3550000,False,INSAT-4CR,insat cr,6,-0.09042156334668304,-0.03568955337144534,crs / gsat / apollo
Spaceway-3 & BSat-3A,Arianespace,"ELA-3, Guiana Space Centre, French Guiana, France",2007-08-14,23:44:00,Ariane 5 ECA,18140000,True,Spaceway-3 & BSat-3A,spaceway bsat a,6,-0.08939139582837097,-0.03240294696970849,crs / gsat / apollo
STS-118,NASA,"LC-39A, Kennedy Space Center, Florida, USA",2007-08-08,22:36:00,Space Shuttle Endeavour,22350000,True,STS-118,sts,2,0.9057820322686173,0.020463996926628213,sts / æs / gstar sbs
STS-117,NASA,"LC-39A, Kennedy Space Center, Florida, USA",2007-06-08,23:38:00,Space Shuttle Atlantis,13230000,True,STS-117,sts,2,0.9057820322686173,0.020463996926628213,sts / æs / gstar sbs
Astra 1L & Galaxy 17,Arianespace,"ELA-3, Guiana Space Centre, French Guiana, France",2007-05-04,22:29:00,Ariane 5 ECA,12010000,True,Astra 1L & Galaxy 17,astra l galaxy,6,-0.09426156729149708,-0.03949092445511631,crs / gsat / apollo
AIM,Northrop,"Stargazer, Vandenberg AFB, California, USA",2007-04-25,20:26:00,Pegasus XL,18070000,True,AIM,aim,6,-0.08748149034646917,-0.03283651036670512,crs / gsat / apollo
NFIRE,Northrop,"LP-0B, Wallops Flight Facility, Virginia, USA",2007-04-24,6:48:00,Minotaur I,2130000,True,NFIRE,nfire,6,-0.08748149034647104,-0.03283651036520094,crs / gsat / apollo
AGILE & AAM,ISRO,"Second Launch Pad, Satish Dhawan Space Centre, India",2007-04-23,10:00:00,PSLV-CA,18470000,True,AGILE & AAM,agile aam,6,-0.08748149034646929,-0.03283651036682842,crs / gsat / apollo
DemoSat,SpaceX,"Omelek Island, Ronald Reagan Ballistic Missile Defense Test Site, Marshall Islands, USA",2007-03-21,1:10:00,Falcon 1,3880000,False,DemoSat,demosat,6,-0.08748149034647358,-0.032836510366016564,crs / gsat / apollo
Skynet 5A & INSAT-4B,Arianespace,"ELA-3, Guiana Space Centre, French Guiana, France",2007-03-11,22:03:00,Ariane 5 ECA,23830000,True,Skynet 5A & INSAT-4B,skynet a insat b,6,-0.09232547728984129,-0.03748479055093688,crs / gsat / apollo
Cartosat-2 & SRE-1 & Rideshares,ISRO,"First Launch Pad, Satish Dhawan Space Centre, India",2007-01-10,3:54:00,PSLV-G,17530000,True,Cartosat-2 & SRE-1 & Rideshares,cartosat sre rideshares,6,-0.09149725358605645,-0.036863741020790104,crs / gsat / apollo
TacSat-2 & GeneSat-1,Northrop,"LP-0B, Wallops Flight Facility, Virginia, USA",2006-12-16,12:00:00,Minotaur I,11960000,True,TacSat-2 & GeneSat-1,tacsat genesat,6,-0.08820418683036947,-0.03350133706957885,crs / gsat / apollo
STS-116,NASA,"LC-39B, Kennedy Space Center, Florida, USA",2006-12-10,0:47:00,Space Shuttle Discovery,12050000,True,STS-116,sts,2,0.9057820322686173,0.020463996926628213,sts / æs / gstar sbs
WildBlue-1 & AMC-18,Arianespace,"ELA-3, Guiana Space Centre, French Guiana, France",2006-12-08,22:08:00,Ariane 5 ECA,1030000,True,WildBlue-1 & AMC-18,wildblue amc,6,-0.08882893692114971,-0.03408409568603934,crs / gsat / apollo
"DirecTV-9S, Optus D1, LDREX-2",Arianespace,"ELA-3, Guiana Space Centre, French Guiana, France",2006-10-13,20:56:00,Ariane 5 ECA,2000000,True,"DirecTV-9S, Optus D1, LDREX-2",directv s optus d ldrex,6,-0.08899504934186342,-0.03239092268941952,crs / gsat / apollo
STS-115,NASA,"LC-39B, Kennedy Space Center, Florida, USA",2006-09-09,15:14:00,Space Shuttle Atlantis,18020000,True,STS-115,sts,2,0.9057820322686173,0.020463996926628213,sts / æs / gstar sbs
JCSAT-10 & Syracuse 3B,Arianespace,"ELA-3, Guiana Space Centre, French Guiana, France",2006-08-11,22:15:00,Ariane 5 ECA,1440000,True,JCSAT-10 & Syracuse 3B,jcsat syracuse b,6,-0.09144563232967706,-0.036686196161348994,crs / gsat / apollo
INSAT-4C,ISRO,"Second Launch Pad, Satish Dhawan Space Centre, India",2006-07-10,12:08:00,GSLV Mk I,22770000,False,INSAT-4C,insat c,6,-0.0935594775107146,-0.03871403970878746,crs / gsat / apollo
STS-121,NASA,"LC-39B, Kennedy Space Center, Florida, USA",2006-07-04,18:37:00,Space Shuttle Discovery,12690000,True,STS-121,sts,2,0.9057820322686173,0.020463996926628213,sts / æs / gstar sbs
Satmex-6 & Thaicom-5,Arianespace,"ELA-3, Guiana Space Centre, French Guiana, France",2006-05-27,21:09:00,Ariane 5 ECA,3810000,True,Satmex-6 & Thaicom-5,satmex thaicom,6,-0.08926859208387006,-0.03446349617599591,crs / gsat / apollo
Astra 1KR,ILS,"SLC-41, Cape Canaveral AFS, Florida, USA",2006-04-20,20:27:00,Atlas V 411,18420000,True,Astra 1KR,astra kr,6,-0.0901069078408225,-0.03537339727338122,crs / gsat / apollo
COSMIC (FORMOSAT-3),Northrop,"SLC-8, Vandenberg AFB, California, USA",2006-04-15,1:40:00,Minotaur I,15810000,True,COSMIC (FORMOSAT-3),cosmic formosat,6,-0.0878814013068803,-0.03319530742922372,crs / gsat / apollo
ST-5,Northrop,"Stargazer, Vandenberg AFB, California, USA",2006-03-28,20:10:00,Pegasus XL,11020000,True,ST-5,st,6,-0.08867301255688585,-0.03396829303840616,crs / gsat / apollo
FalconSat-2,SpaceX,"Omelek Island, Ronald Reagan Ballistic Missile Defense Test Site, Marshall Islands, USA",2006-03-24,21:30:00,Falcon 1,4510000,False,FalconSat-2,falconsat,6,-0.08748149034647228,-0.03283651036636683,crs / gsat / apollo
Spainsat & Hot Bird 7A,Arianespace,"ELA-3, Guiana Space Centre, French Guiana, France",2006-03-11,22:33:00,Ariane 5 ECA,20340000,True,Spainsat & Hot Bird 7A,spainsat hot bird a,6,-0.09153448345769497,-0.03675754657268651,crs / gsat / apollo
New Horizons,ILS,"SLC-41, Cape Canaveral AFS, Florida, USA",2006-01-19,19:00:00,Atlas V 551,2490000,True,New Horizons,new horizons,6,-0.08810459191778627,-0.03115306317003945,crs / gsat / apollo
INSAT-4A & MSG-2,Arianespace,"ELA-3, Guiana Space Centre, French Guiana, France",2005-12-21,23:33:00,Ariane 5 GS,21130000,True,INSAT-4A & MSG-2,insat a msg,6,-0.09112407669630027,-0.03634239199612313,crs / gsat / apollo
Spaceway-2 & Telkom-2,Arianespace,"ELA-3, Guiana Space Centre, French Guiana, France",2005-11-16,23:46:00,Ariane 5 ECA,12200000,True,Spaceway-2 & Telkom-2,spaceway telkom,6,-0.08848739109712747,-0.032482322946636846,crs / gsat / apollo
Syracuse 3A & Galaxy 15,Arianespace,"ELA-3, Guiana Space Centre, French Guiana, France",2005-10-13,22:32:00,Ariane 5 GS,11200000,True,Syracuse 3A & Galaxy 15,syracuse a galaxy,6,-0.09167178437868716,-0.0369901797315712,crs / gsat / apollo
Streak (STP-R1),Northrop,"SLC-8, Vandenberg AFB, California, USA",2005-09-22,19:24:00,Minotaur I,5210000,True,Streak (STP-R1),streak stpr,6,-0.0874814903464714,-0.03283651036621608,crs / gsat / apollo
Mars Reconnaissance Orbiter,ILS,"SLC-41, Cape Canaveral AFS, Florida, USA",2005-08-12,11:43:00,Atlas V 401,16050000,True,Mars Reconnaissance Orbiter,mars reconnaissance orbiter,6,-0.0888369241353364,-0.034102572934392894,crs / gsat / apollo
iPStar-1,Arianespace,"ELA-3, Guiana Space Centre, French Guiana, France",2005-08-11,8:20:00,Ariane 5 GS,7550000,True,iPStar-1,ipstar,6,-0.08748149034646985,-0.0328365103656979,crs / gsat / apollo
STS-114,NASA,"LC-39B, Kennedy Space Center, Florida, USA",2005-07-26,14:39:00,Space Shuttle Discovery,1880000,True,STS-114,sts,2,0.9057820322686173,0.020463996926628213,sts / æs / gstar sbs
Cartosat-1 & HAMSAT,ISRO,"Second Launch Pad, Satish Dhawan Space Centre, India",2005-05-05,4:45:00,PSLV-G,15760000,True,Cartosat-1 & HAMSAT,cartosat hamsat,6,-0.08921085918660221,-0.034581375036686395,crs / gsat / apollo
DART,Northrop,"Stargazer, Vandenberg AFB, California, USA",2005-04-15,17:27:00,Pegasus XL,14010000,True,DART,dart,6,-0.08820329681969682,-0.0334874247466501,crs / gsat / apollo
XSS-11,Northrop,"SLC-8, Vandenberg AFB, California, USA",2005-04-11,13:35:00,Minotaur I,8780000,True,XSS-11,xss,6,-0.08748149034647255,-0.03283651036619654,crs / gsat / apollo
Inmarsat-4 F1,ILS,"SLC-41, Cape Canaveral AFS, Florida, USA",2005-03-11,21:42:00,Atlas V 431,22480000,True,Inmarsat-4 F1,inmarsat f,6,-0.09186283359132091,-0.037020100644630606,crs / gsat / apollo
"XTAR-EUR, Maqsat-B2, Sloshsat-FLEVO",Arianespace,"ELA-3, Guiana Space Centre, French Guiana, France",2005-02-12,21:03:00,Ariane 5 ECA,20950000,True,"XTAR-EUR, Maqsat-B2, Sloshsat-FLEVO",xtareur maqsatb sloshsatflevo,6,-0.08759194526514362,-0.0329351579097934,crs / gsat / apollo
"Helios 2A, Essaim-1,2,3,4, PARASOL, Nanosat 01",Arianespace,"ELA-3, Guiana Space Centre, French Guiana, France",2004-12-18,16:26:00,Ariane 5 G+,4700000,True,"Helios 2A, Essaim-1,2,3,4, PARASOL, Nanosat 01",helios a essaim parasol nanosat,6,-0.08840094488428396,-0.03368409946672428,crs / gsat / apollo
AMC-16,ILS,"SLC-41, Cape Canaveral AFS, Florida, USA",2004-12-17,12:07:00,Atlas V 521,23010000,True,AMC-16,amc,6,-0.08972926727207786,-0.034913490900090896,crs / gsat / apollo
GSAT-3,ISRO,"First Launch Pad, Satish Dhawan Space Centre, India",2004-09-20,10:31:00,GSLV Mk I,23880000,True,GSAT-3,gsat,6,-0.10065375256327912,-0.04715839800507049,crs / gsat / apollo
Anik F2,Arianespace,"ELA-3, Guiana Space Centre, French Guiana, France",2004-07-18,0:44:00,Ariane 5 G+,24600000,True,Anik F2,anik f,6,-0.08968324283474513,-0.03486987867241448,crs / gsat / apollo
ROCSAT-2,Northrop,"SLC-576E, Vandenberg AFB, California, USA",2004-05-20,17:47:00,Minotaur C (Taurus),15630000,True,ROCSAT-2,rocsat,6,-0.0874814903464729,-0.03283651036642807,crs / gsat / apollo
AMC-11,ILS,"SLC-36B, Cape Canaveral AFS, Florida, USA",2004-04-19,22:22:00,Atlas IIAS,18500000,True,AMC-11,amc,6,-0.08972926727207786,-0.034913490900090896,crs / gsat / apollo
Superbird 6,ILS,"SLC-36A, Cape Canaveral AFS, Florida, USA",2004-04-16,0:45:00,Atlas IIAS,8320000,True,Superbird 6,superbird,6,-0.09009675749005433,-0.03527041357319323,crs / gsat / apollo
MBSat,ILS,"SLC-36B, Cape Canaveral AFS, Florida, USA",2004-03-13,5:40:00,Atlas IIIA,24960000,True,MBSat,mbsat,6,-0.08748149034647024,-0.03283651036699817,crs / gsat / apollo
Rosetta & Philae,Arianespace,"ELA-3, Guiana Space Centre, French Guiana, France",2004-03-02,7:17:00,Ariane 5 G+,17480000,True,Rosetta & Philae,rosetta philae,6,-0.08748149034647101,-0.03283651036572748,crs / gsat / apollo
AMC-10,ILS,"SLC-36A, Cape Canaveral AFS, Florida, USA",2004-02-05,23:46:00,Atlas IIAS,7490000,True,AMC-10,amc,6,-0.08972926727207786,-0.034913490900090896,crs / gsat / apollo
RESOURCESAT-1 (IRS-P6),ISRO,"First Launch Pad, Satish Dhawan Space Centre, India",2003-10-17,4:52:00,PSLV-G,1220000,True,RESOURCESAT-1 (IRS-P6),resourcesat irsp,6,-0.08938863868360156,-0.034580806416732876,crs / gsat / apollo
"Insat 3E, eBird-1, SMART-1",Arianespace,"ELA-3, Guiana Space Centre, French Guiana, France",2003-09-27,23:14:00,Ariane 5 G,5200000,True,"Insat 3E, eBird-1, SMART-1",insat e ebird smart,6,-0.08970458682075196,-0.034993750300296174,crs / gsat / apollo
SCISAT-1,Northrop,"Stargazer, Vandenberg AFB, California, USA",2003-08-13,2:09:00,Pegasus XL,1630000,True,SCISAT-1,scisat,6,-0.08748149034646877,-0.032836510366288395,crs / gsat / apollo
Rainbow 1,ILS,"SLC-41, Cape Canaveral AFS, Florida, USA",2003-07-17,23:45:00,Atlas V 521,23810000,True,Rainbow 1,rainbow,6,-0.08748149034647185,-0.03283651036526235,crs / gsat / apollo
OrbView-3,Northrop,"Stargazer, Vandenberg AFB, California, USA",2003-06-26,18:55:00,Pegasus XL,5280000,True,OrbView-3,orbview,6,-0.08900502881080567,-0.03423307307507619,crs / gsat / apollo
Optus C1 & BSAT-2c,Arianespace,"ELA-3, Guiana Space Centre, French Guiana, France",2003-06-11,22:38:00,Ariane 5 G,23920000,True,Optus C1 & BSAT-2c,optus c bsat c,6,-0.09013649116789814,-0.030505045882024684,crs / gsat / apollo
HellasSat-2,ILS,"SLC-41, Cape Canaveral AFS, Florida, USA",2003-05-13,22:10:00,Atlas V 401,14790000,True,HellasSat-2,hellassat,6,-0.08795691653092512,-0.03331443151529303,crs / gsat / apollo
GSAT-2,ISRO,"First Launch Pad, Satish Dhawan Space Centre, India",2003-05-08,11:28:00,GSLV Mk I,18210000,True,GSAT-2,gsat,6,-0.10065375256327912,-0.04715839800507049,crs / gsat / apollo
GALEX,Northrop,"Stargazer, Cape Canaveral AFS, Florida, USA",2003-04-28,12:00:00,Pegasus XL,17340000,True,GALEX,galex,6,-0.08748149034646825,-0.032836510365635875,crs / gsat / apollo
AsiaSat 4,ILS,"SLC-36B, Cape Canaveral AFS, Florida, USA",2003-04-12,0:47:00,Atlas IIIB,3520000,True,AsiaSat 4,asiasat,6,-0.08893711357145524,-0.034164667737895275,crs / gsat / apollo
INSAT-3A & Galaxy 12,Arianespace,"ELA-3, Guiana Space Centre, French Guiana, France",2003-04-09,22:52:00,Ariane 5 G,3800000,True,INSAT-3A & Galaxy 12,insat a galaxy,6,-0.09462010214569654,-0.03984992109068357,crs / gsat / apollo
Intelsat 907,Arianespace,"ELA-2, Guiana Space Centre, French Guiana, France",2003-02-15,7:00:00,Ariane 44L,16290000,True,Intelsat 907,intelsat,3,-0.15978120851655936,0.9414709268839893,intelsat / intelsat intelsat / æs
SORCE,Northrop,"Stargazer, Cape Canaveral AFS, Florida, USA",2003-01-25,20:13:00,Pegasus XL,22370000,True,SORCE,sorce,6,-0.08748149034646942,-0.03283651036567876,crs / gsat / apollo
STS-107,NASA,"LC-39A, Kennedy Space Center, Florida, USA",2003-01-16,15:39:00,Space Shuttle Columbia,18810000,False,STS-107,sts,2,0.9057820322686173,0.020463996926628213,sts / æs / gstar sbs
NSS-6,Arianespace,"ELA-2, Guiana Space Centre, French Guiana, France",2002-12-17,23:04:00,Ariane 44L,14330000,True,NSS-6,nss,6,-0.08887919981451031,-0.034121284724492544,crs / gsat / apollo
"Hot Bird 7, Stentor, MFD-A, MFD-B",Arianespace,"ELA-3, Guiana Space Centre, French Guiana, France",2002-12-11,22:22:00,Ariane 5 ECA,19470000,False,"Hot Bird 7, Stentor, MFD-A, MFD-B",hot bird stentor mfda mfdb,6,-0.09037639675039699,-0.03563899418211269,crs / gsat / apollo
STS-113,NASA,"LC-39A, Kennedy Space Center, Florida, USA",2002-11-24,0:49:00,Space Shuttle Endeavour,12560000,True,STS-113,sts,2,0.9057820322686173,0.020463996926628213,sts / æs / gstar sbs
STS-112,NASA,"LC-39B, Kennedy Space Center, Florida, USA",2002-10-07,19:45:00,Space Shuttle Atlantis,8930000,True,STS-112,sts,2,0.9057820322686173,0.020463996926628213,sts / æs / gstar sbs
Hispasat 1D,ILS,"SLC-36A, Cape Canaveral AFS, Florida, USA",2002-09-18,22:04:00,Atlas IIAS,15230000,True,Hispasat 1D,hispasat d,6,-0.09050531454347757,-0.03566529975541412,crs / gsat / apollo
C4 - MetSat-1 (Kalpana-1),ISRO,"First Launch Pad, Satish Dhawan Space Centre, India",2002-09-12,10:23:00,PSLV-G,3380000,True,C4 - MetSat-1 (Kalpana-1),c metsat kalpana,6,-0.08748149034646831,-0.03283651036703532,crs / gsat / apollo
Intelsat 906,Arianespace,"ELA-2, Guiana Space Centre, French Guiana, France",2002-09-06,6:44:00,Ariane 44L,3890000,True,Intelsat 906,intelsat,3,-0.15978120851655936,0.9414709268839893,intelsat / intelsat intelsat / æs
"Atlantic Bird 1, MSG-1, MFD",Arianespace,"ELA-3, Guiana Space Centre, French Guiana, France",2002-08-28,22:45:00,Ariane 5 G,13240000,True,"Atlantic Bird 1, MSG-1, MFD",atlantic bird msg mfd,6,-0.08942733414212477,-0.03468367387325723,crs / gsat / apollo
Hot Bird 6,ILS,"SLC-41, Cape Canaveral AFS, Florida, USA",2002-08-21,22:05:00,Atlas V 401,23990000,True,Hot Bird 6,hot bird,6,-0.09316589440304131,-0.038321588216632826,crs / gsat / apollo
"SPOT-5, IDEFIX",Arianespace,"ELA-2, Guiana Space Centre, French Guiana, France",2002-07-05,23:02:00,Ariane 42P,7220000,True,"SPOT-5, IDEFIX",spot idefix,6,-0.08876325031509506,-0.034024984458232835,crs / gsat / apollo
Stellat-5 & NStar-C,Arianespace,"ELA-3, Guiana Space Centre, French Guiana, France",2002-07-02,23:22:00,Ariane 5 G,19080000,True,Stellat-5 & NStar-C,stellat nstarc,6,-0.08748149034647189,-0.032836510367030516,crs / gsat / apollo
STS-111,NASA,"LC-39A, Kennedy Space Center, Florida, USA",2002-06-05,21:22:00,Space Shuttle Endeavour,3700000,True,STS-111,sts,2,0.9057820322686173,0.020463996926628213,sts / æs / gstar sbs
Intelsat 905,Arianespace,"ELA-2, Guiana Space Centre, French Guiana, France",2002-06-05,6:44:00,Ariane 44L,22800000,True,Intelsat 905,intelsat,3,-0.15978120851655936,0.9414709268839893,intelsat / intelsat intelsat / æs
NSS-7,Arianespace,"ELA-2, Guiana Space Centre, French Guiana, France",2002-04-16,23:02:00,Ariane 44L,4050000,True,NSS-7,nss,6,-0.08887919981451031,-0.034121284724492544,crs / gsat / apollo
STS-110,NASA,"LC-39B, Kennedy Space Center, Florida, USA",2002-04-08,20:44:00,Space Shuttle Atlantis,10620000,True,STS-110,sts,2,0.9057820322686173,0.020463996926628213,sts / æs / gstar sbs
"Astra 3A, JCSAT-8",Arianespace,"ELA-2, Guiana Space Centre, French Guiana, France",2002-03-29,1:29:00,Ariane 44L,4380000,True,"Astra 3A, JCSAT-8",astra a jcsat,6,-0.09404674896488159,-0.03919180864772261,crs / gsat / apollo
STS-109,NASA,"LC-39A, Kennedy Space Center, Florida, USA",2002-03-01,11:22:00,Space Shuttle Columbia,3230000,True,STS-109,sts,2,0.9057820322686173,0.020463996926628213,sts / æs / gstar sbs
Envisat,Arianespace,"ELA-3, Guiana Space Centre, French Guiana, France",2002-03-01,1:07:00,Ariane 5 G,21040000,True,Envisat,envisat,6,-0.0874814903464713,-0.03283651036627455,crs / gsat / apollo
Intelsat 904,Arianespace,"ELA-2, Guiana Space Centre, French Guiana, France",2002-02-23,6:59:00,Ariane 44L,8440000,True,Intelsat 904,intelsat,3,-0.15978120851655936,0.9414709268839893,intelsat / intelsat intelsat / æs
EchoStar VII,ILS,"SLC-36B, Cape Canaveral AFS, Florida, USA",2002-02-21,12:43:00,Atlas IIIB,4480000,True,EchoStar VII,echostar vii,6,-0.09048362102253453,-0.03573152696984745,crs / gsat / apollo
RHESSI,Northrop,"Stargazer, Cape Canaveral AFS, Florida, USA",2002-02-05,20:58:00,Pegasus XL,7100000,True,RHESSI,rhessi,6,-0.0874814903464692,-0.0328365103669658,crs / gsat / apollo
Insat 3C,Arianespace,"ELA-2, Guiana Space Centre, French Guiana, France",2002-01-23,23:46:00,Ariane 42L,23860000,True,Insat 3C,insat c,6,-0.0935594775107146,-0.03871403970878746,crs / gsat / apollo
STS-108,NASA,"LC-39B, Kennedy Space Center, Florida, USA",2001-12-05,22:19:00,Space Shuttle Endeavour,18660000,True,STS-108,sts,2,0.9057820322686173,0.020463996926628213,sts / æs / gstar sbs
DirecTV-4S,Arianespace,"ELA-2, Guiana Space Centre, French Guiana, France",2001-11-27,5:59:00,Ariane 44LP,21020000,True,DirecTV-4S,directv s,6,-0.0885360061166748,-0.03382650088573166,crs / gsat / apollo
"TES, BIRD & PROBA",ISRO,"First Launch Pad, Satish Dhawan Space Centre, India",2001-10-22,10:23:00,PSLV-G,4740000,True,"TES, BIRD & PROBA",tes bird proba,6,-0.08884866515751519,-0.03415334473607885,crs / gsat / apollo
Atlantic Bird 2,Arianespace,"ELA-2, Guiana Space Centre, French Guiana, France",2001-09-25,23:21:00,Ariane 44P,3500000,True,Atlantic Bird 2,atlantic bird,6,-0.0896841900281673,-0.03494392731229783,crs / gsat / apollo
Orbview-4/QuikTOMS,Northrop,"SLC-576E, Vandenberg AFB, California, USA",2001-09-21,18:49:00,Minotaur C (Taurus),20950000,False,Orbview-4/QuikTOMS,orbview quiktoms,6,-0.08846809592205836,-0.03374186493792564,crs / gsat / apollo
Intelsat 902,Arianespace,"ELA-2, Guiana Space Centre, French Guiana, France",2001-08-30,6:46:00,Ariane 44L,7500000,True,Intelsat 902,intelsat,3,-0.15978120851655936,0.9414709268839893,intelsat / intelsat intelsat / æs
STS-105,NASA,"LC-39A, Kennedy Space Center, Florida, USA",2001-08-10,21:10:00,Space Shuttle Discovery,10400000,True,STS-105,sts,2,0.9057820322686173,0.020463996926628213,sts / æs / gstar sbs
Artemis & BSAT-2b,Arianespace,"ELA-3, Guiana Space Centre, French Guiana, France",2001-07-12,21:58:00,Ariane 5 G,24190000,False,Artemis & BSAT-2b,artemis bsat b,6,-0.08911027985400058,-0.03220097635808463,crs / gsat / apollo
STS-104,NASA,"LC-39B, Kennedy Space Center, Florida, USA",2001-07-12,9:03:00,Space Shuttle Atlantis,9830000,True,STS-104,sts,2,0.9057820322686173,0.020463996926628213,sts / æs / gstar sbs
ICO F2,ILS,"SLC-36B, Cape Canaveral AFS, Florida, USA",2001-06-19,4:41:00,Atlas IIAS,19320000,True,ICO F2,ico f,6,-0.08748149034647383,-0.032836510366647316,crs / gsat / apollo
Intelsat 901,Arianespace,"ELA-2, Guiana Space Centre, French Guiana, France",2001-06-09,6:45:00,Ariane 44L,24850000,True,Intelsat 901,intelsat,3,-0.15978120851655936,0.9414709268839893,intelsat / intelsat intelsat / æs
STS-100,NASA,"LC-39A, Kennedy Space Center, Florida, USA",2001-04-19,18:40:00,Space Shuttle Endeavour,18490000,True,STS-100,sts,2,0.9057820322686173,0.020463996926628213,sts / æs / gstar sbs
GSAT-1,ISRO,"First Launch Pad, Satish Dhawan Space Centre, India",2001-04-18,10:13:00,GSLV Mk I,18110000,False,GSAT-1,gsat,6,-0.10065375256327912,-0.04715839800507049,crs / gsat / apollo
Eurobird-1 & BSat-2a,Arianespace,"ELA-3, Guiana Space Centre, French Guiana, France",2001-03-08,22:51:00,Ariane 5 G,15270000,True,Eurobird-1 & BSat-2a,eurobird bsat a,6,-0.08911027985400019,-0.032200976357947504,crs / gsat / apollo
STS-102,NASA,"LC-39B, Kennedy Space Center, Florida, USA",2001-03-08,11:42:00,Space Shuttle Discovery,2800000,True,STS-102,sts,2,0.9057820322686173,0.020463996926628213,sts / æs / gstar sbs
STS-98,NASA,"LC-39A, Kennedy Space Center, Florida, USA",2001-02-07,23:13:00,Space Shuttle Atlantis,4150000,True,STS-98,sts,2,0.9057820322686173,0.020463996926628213,sts / æs / gstar sbs
"Sicral-1, Skynet 4F",Arianespace,"ELA-2, Guiana Space Centre, French Guiana, France",2001-02-07,23:05:00,Ariane 44L,8560000,True,"Sicral-1, Skynet 4F",sicral skynet f,6,-0.08928394394993316,-0.034532005558332274,crs / gsat / apollo
Turksat 2A,Arianespace,"ELA-2, Guiana Space Centre, French Guiana, France",2001-01-10,22:09:00,Ariane 44P,7390000,True,Turksat 2A,turksat a,6,-0.08875127293730313,-0.03401777606089954,crs / gsat / apollo
"Astra 2D, GE-8, LDREX",Arianespace,"ELA-3, Guiana Space Centre, French Guiana, France",2000-12-20,0:26:00,Ariane 5 G,24460000,True,"Astra 2D, GE-8, LDREX",astra d ge ldrex,6,-0.09136745809339929,-0.036529099495010174,crs / gsat / apollo
STS-97,NASA,"LC-39B, Kennedy Space Center, Florida, USA",2000-11-30,3:06:00,Space Shuttle Endeavour,19080000,True,STS-97,sts,2,0.9057820322686173,0.020463996926628213,sts / æs / gstar sbs
Anik F1,Arianespace,"ELA-2, Guiana Space Centre, French Guiana, France",2000-11-21,23:56:00,Ariane 44L,17090000,True,Anik F1,anik f,6,-0.08968324283474513,-0.03486987867241448,crs / gsat / apollo
"PanAmSat-1R, Amsat-P3D, STRV 1C, STRV 1D",Arianespace,"ELA-3, Guiana Space Centre, French Guiana, France",2000-11-16,1:07:00,Ariane 5 G,19690000,True,"PanAmSat-1R, Amsat-P3D, STRV 1C, STRV 1D",panamsat r amsatp d strv c strv d,6,-0.08919170567863867,-0.03142641758594873,crs / gsat / apollo
EuropeStar F1,Arianespace,"ELA-2, Guiana Space Centre, French Guiana, France",2000-10-29,5:59:00,Ariane 44LP,8120000,True,EuropeStar F1,europestar f,6,-0.08748149034647158,-0.03283651036712095,crs / gsat / apollo
STS-92,NASA,"LC-39A, Kennedy Space Center, Florida, USA",2000-10-11,23:17:00,Space Shuttle Discovery,10080000,True,STS-92,sts,2,0.9057820322686173,0.020463996926628213,sts / æs / gstar sbs
HETE 2,Northrop,"Stargazer, Ronald Reagan Ballistic Missile Defense Test Site, Marshall Islands, USA",2000-10-09,5:38:00,Pegasus,4840000,True,HETE 2,hete,6,-0.08788140130687816,-0.033195307439642135,crs / gsat / apollo
N-SAT 110,Arianespace,"ELA-2, Guiana Space Centre, French Guiana, France",2000-10-06,23:00:00,Ariane 42L,14310000,True,N-SAT 110,nsat,6,-0.08748149034647121,-0.03283651036671948,crs / gsat / apollo
Astra 2B & GE-7,Arianespace,"ELA-3, Guiana Space Centre, French Guiana, France",2000-09-14,22:54:00,Ariane 5 G,11320000,True,Astra 2B & GE-7,astra b ge,6,-0.09241996291597966,-0.03753641108224098,crs / gsat / apollo
STS-106,NASA,"LC-39B, Kennedy Space Center, Florida, USA",2000-09-08,12:45:00,Space Shuttle Atlantis,19170000,True,STS-106,sts,2,0.9057820322686173,0.020463996926628213,sts / æs / gstar sbs
Eutelsat W1,Arianespace,"ELA-2, Guiana Space Centre, French Guiana, France",2000-09-06,22:33:00,Ariane 44P,12210000,True,Eutelsat W1,eutelsat w,6,-0.0972354162813649,-0.03995890103866727,crs / gsat / apollo
"Brasilsat B4, Nilesat 102",Arianespace,"ELA-2, Guiana Space Centre, French Guiana, France",2000-08-17,23:16:00,Ariane 44LP,22910000,True,"Brasilsat B4, Nilesat 102",brasilsat b nilesat,6,-0.08897599522625932,-0.0342033260762543,crs / gsat / apollo
MightySat 2.1,Northrop,"SLC-8, Vandenberg AFB, California, USA",2000-07-19,20:09:00,Minotaur I,14860000,True,MightySat 2.1,mightysat,6,-0.0874814903464717,-0.03283651036733404,crs / gsat / apollo
Echostar 6,ILS,"SLC-36B, Cape Canaveral AFS, Florida, USA",2000-07-14,5:21:00,Atlas IIAS,2280000,True,Echostar 6,echostar,6,-0.09266333671955887,-0.037830983033789144,crs / gsat / apollo
TSX-5,Northrop,"Stargazer, Vandenberg AFB, California, USA",2000-06-07,13:19:00,Pegasus XL,15250000,True,TSX-5,tsx,6,-0.08748149034646985,-0.03283651036647245,crs / gsat / apollo
Eutelsat W4,ILS,"SLC-36B, Cape Canaveral AFS, Florida, USA",2000-05-24,23:10:00,Atlas IIIA,17900000,True,Eutelsat W4,eutelsat w,6,-0.0972354162813649,-0.03995890103866727,crs / gsat / apollo
STS-101,NASA,"LC-39A, Kennedy Space Center, Florida, USA",2000-05-19,10:11:00,Space Shuttle Atlantis,23350000,True,STS-101,sts,2,0.9057820322686173,0.020463996926628213,sts / æs / gstar sbs
Galaxy 4R,Arianespace,"ELA-3, Guiana Space Centre, French Guiana, France",2000-04-19,0:29:00,Ariane 42L,4970000,True,Galaxy 4R,galaxy r,6,-0.09469604542663598,-0.040012325253783065,crs / gsat / apollo
INSAT-3B & AsiaStar,Arianespace,"ELA-3, Guiana Space Centre, French Guiana, France",2000-03-21,23:28:00,Ariane 5 G,17540000,True,INSAT-3B & AsiaStar,insat b asiastar,6,-0.09042156334668328,-0.03568955337140228,crs / gsat / apollo
Multispectral Thermal Imager (MTI),Northrop,"SLC-576E, Vandenberg AFB, California, USA",2000-03-12,9:29:00,Minotaur C (Taurus),19200000,True,Multispectral Thermal Imager (MTI),multispectral thermal imager mti,6,-0.08748149034647139,-0.03283651036657734,crs / gsat / apollo
Superbird 4,Arianespace,"ELA-2, Guiana Space Centre, French Guiana, France",2000-02-18,1:04:00,Ariane 44LP,13550000,True,Superbird 4,superbird,6,-0.09009675749005433,-0.03527041357319323,crs / gsat / apollo
STS-99,NASA,"LC-39A, Kennedy Space Center, Florida, USA",2000-02-11,16:43:00,Space Shuttle Endeavour,17530000,True,STS-99,sts,2,0.9057820322686173,0.020463996926628213,sts / æs / gstar sbs
Hispasat 1C,ILS,"SLC-36B, Cape Canaveral AFS, Florida, USA",2000-02-03,23:30:00,Atlas IIAS,13920000,True,Hispasat 1C,hispasat c,6,-0.09050531454347757,-0.03566529975541412,crs / gsat / apollo
JAWSat,Northrop,"SLC-8, Vandenberg AFB, California, USA",2000-01-27,3:03:00,Minotaur I,2150000,True,JAWSat,jawsat,6,-0.08748149034647061,-0.03283651036637843,crs / gsat / apollo
Galaxy 10R,Arianespace,"ELA-2, Guiana Space Centre, French Guiana, France",2000-01-25,1:04:00,Ariane 42L,12920000,True,Galaxy 10R,galaxy r,6,-0.09469604542663598,-0.040012325253783065,crs / gsat / apollo
KOMPSAT & ACRIMSAT,Northrop,"SLC-576E, Vandenberg AFB, California, USA",1999-12-31,7:13:00,Minotaur C (Taurus),24220000,True,KOMPSAT & ACRIMSAT,kompsat acrimsat,6,-0.08748149034647489,-0.03283651036609858,crs / gsat / apollo
Galaxy-11,Arianespace,"ELA-2, Guiana Space Centre, French Guiana, France",1999-12-22,0:50:00,Ariane 44L,7850000,True,Galaxy-11,galaxy,6,-0.09469604542663598,-0.040012325253783065,crs / gsat / apollo
STS-103,NASA,"LC-39A, Kennedy Space Center, Florida, USA",1999-12-20,0:50:00,Space Shuttle Discovery,1780000,True,STS-103,sts,2,0.9057820322686173,0.020463996926628213,sts / æs / gstar sbs
XMM-Newton,Arianespace,"ELA-3, Guiana Space Centre, French Guiana, France",1999-12-10,14:32:00,Ariane 5 G,16800000,True,XMM-Newton,xmmnewton,6,-0.08748149034647024,-0.03283651036598961,crs / gsat / apollo
Orbcomm D1-D8,Northrop,"Stargazer, Vandenberg AFB, California, USA",1999-12-04,18:53:00,Pegasus XL/HAPS,10210000,True,Orbcomm D1-D8,orbcomm d d,6,-0.09046526631534488,-0.03561895881854072,crs / gsat / apollo
Helios 1B & Cl??mentine,Arianespace,"ELA-2, Guiana Space Centre, French Guiana, France",1999-12-03,16:22:00,Ariane 40,12290000,True,Helios 1B & Cl??mentine,helios b clmentine,6,-0.08886149842976056,-0.034108568435828865,crs / gsat / apollo
GE-4,Arianespace,"ELA-2, Guiana Space Centre, French Guiana, France",1999-11-13,22:54:00,Ariane 44LP,20200000,True,GE-4,ge,6,-0.09042375079814573,-0.03559101323757432,crs / gsat / apollo
Orion 2,Arianespace,"ELA-2, Guiana Space Centre, French Guiana, France",1999-10-19,6:22:00,Ariane 44LP,21950000,True,Orion 2,orion,6,-0.08748149034646951,-0.03283651036607376,crs / gsat / apollo
Telstar 7,Arianespace,"ELA-2, Guiana Space Centre, French Guiana, France",1999-09-25,6:29:00,Ariane 44LP,21820000,True,Telstar 7,telstar,6,-0.09082597586805352,-0.03597537148924748,crs / gsat / apollo
Echostar 5,ILS,"SLC-36A, Cape Canaveral AFS, Florida, USA",1999-09-23,6:02:00,Atlas IIAS,16190000,True,Echostar 5,echostar,6,-0.09266333671955887,-0.037830983033789144,crs / gsat / apollo
Koreasat-3,Arianespace,"ELA-2, Guiana Space Centre, French Guiana, France",1999-09-04,22:34:00,Ariane 42P,18020000,True,Koreasat-3,koreasat,6,-0.08900754080045765,-0.03423552221055421,crs / gsat / apollo
Telkom-1,Arianespace,"ELA-2, Guiana Space Centre, French Guiana, France",1999-08-12,22:52:00,Ariane 42P,15110000,True,Telkom-1,telkom,6,-0.08854438278094512,-0.03149887176008354,crs / gsat / apollo
STS-93,NASA,"LC-39B, Kennedy Space Center, Florida, USA",1999-07-23,4:31:00,Space Shuttle Columbia,19870000,True,STS-93,sts,2,0.9057820322686173,0.020463996926628213,sts / æs / gstar sbs
"IRS-P4, DLR-Tubsat, & Kitsat-3",ISRO,"First Launch Pad, Satish Dhawan Space Centre, India",1999-05-29,11:52:00,PSLV-G,3990000,True,"IRS-P4, DLR-Tubsat, & Kitsat-3",irsp dlrtubsat kitsat,6,-0.0884992526731917,-0.033774805445990715,crs / gsat / apollo
STS-96,NASA,"LC-39B, Kennedy Space Center, Florida, USA",1999-05-27,10:49:00,Space Shuttle Discovery,9130000,True,STS-96,sts,2,0.9057820322686173,0.020463996926628213,sts / æs / gstar sbs
TERRIERS & MUBLCOM,Northrop,"Stargazer, Vandenberg AFB, California, USA",1999-05-18,5:09:00,Pegasus XL/HAPS,1050000,True,TERRIERS & MUBLCOM,terriers mublcom,6,-0.0874814903464725,-0.0328365103657345,crs / gsat / apollo
Eutelsat W3,ILS,"SLC-36A, Cape Canaveral AFS, Florida, USA",1999-04-12,22:50:00,Atlas IIAS,10660000,True,Eutelsat W3,eutelsat w,6,-0.0972354162813649,-0.03995890103866727,crs / gsat / apollo
Insat-2E,Arianespace,"ELA-2, Guiana Space Centre, French Guiana, France",1999-04-02,22:03:00,Ariane 42P,16230000,True,Insat-2E,insat e,6,-0.0935594775107146,-0.03871403970878746,crs / gsat / apollo
WIRE,Northrop,"Stargazer, Vandenberg AFB, California, USA",1999-03-05,2:56:00,Pegasus XL,23250000,True,WIRE,wire,6,-0.08748149034647423,-0.03283651036603019,crs / gsat / apollo
"Arabsat-3A, Skynet 4E",Arianespace,"ELA-2, Guiana Space Centre, French Guiana, France",1999-02-26,22:44:00,Ariane 44L,17090000,True,"Arabsat-3A, Skynet 4E",arabsat a skynet e,6,-0.09089917413938225,-0.03606256529277226,crs / gsat / apollo
JCSAT-6,ILS,"SLC-36A, Cape Canaveral AFS, Florida, USA",1999-02-16,1:45:00,Atlas IIAS,23540000,True,JCSAT-6,jcsat,6,-0.09441092213690801,-0.03956246585557291,crs / gsat / apollo
Panamsat-6B,Arianespace,"ELA-2, Guiana Space Centre, French Guiana, France",1998-12-22,1:08:00,Ariane 42L,7900000,True,Panamsat-6B,panamsat b,6,-0.091717478639604,-0.036835361078912734,crs / gsat / apollo
SWAS,Northrop,"Stargazer, Vandenberg AFB, California, USA",1998-12-06,0:57:00,Pegasus XL,21290000,True,SWAS,swas,6,-0.08748149034646692,-0.03283651036578781,crs / gsat / apollo
Satmex 5,Arianespace,"ELA-2, Guiana Space Centre, French Guiana, France",1998-12-06,0:43:00,Ariane 42L,8610000,True,Satmex 5,satmex,6,-0.08791095803955676,-0.033230331593517036,crs / gsat / apollo
STS-88,NASA,"LC-39A, Kennedy Space Center, Florida, USA",1998-12-04,8:35:00,Space Shuttle Endeavour,4880000,True,STS-88,sts,2,0.9057820322686173,0.020463996926628213,sts / æs / gstar sbs
STS-95,NASA,"LC-39B, Kennedy Space Center, Florida, USA",1998-10-29,19:19:00,Space Shuttle Discovery,21850000,True,STS-95,sts,2,0.9057820322686173,0.020463996926628213,sts / æs / gstar sbs
"Afristar, GE-5",Arianespace,"ELA-2, Guiana Space Centre, French Guiana, France",1998-10-28,22:15:00,Ariane 44L,11570000,True,"Afristar, GE-5",afristar ge,6,-0.08913955467097169,-0.03439189410420487,crs / gsat / apollo
SCD-2,Northrop,"Stargazer, Cape Canaveral AFS, Florida, USA",1998-10-22,0:02:00,Pegasus,24620000,True,SCD-2,scd,6,-0.08820329681955752,-0.033487424544020115,crs / gsat / apollo
MaqSat 3 & ARD,ESA,"ELA-3, Guiana Space Centre, French Guiana, France",1998-10-21,16:37:00,Ariane 5 G,4130000,True,MaqSat 3 & ARD,maqsat ard,6,-0.08748149034647293,-0.03283651036690789,crs / gsat / apollo
Hot Bird 5,ILS,"SLC-36B, Cape Canaveral AFS, Florida, USA",1998-10-09,22:50:00,Atlas IIA,8370000,True,Hot Bird 5,hot bird,6,-0.09316589440304131,-0.038321588216632826,crs / gsat / apollo
"Eutelsat W2, Sirius-3",Arianespace,"ELA-2, Guiana Space Centre, French Guiana, France",1998-10-05,22:51:00,Ariane 44L,2230000,True,"Eutelsat W2, Sirius-3",eutelsat w sirius,6,-0.09212015708455618,-0.03631993466941234,crs / gsat / apollo
STEX (NROL-8),Northrop,"SLC-576E, Vandenberg AFB, California, USA",1998-10-03,10:04:00,Minotaur C (Taurus),5410000,True,STEX (NROL-8),stex nrol,6,-0.090267804059405,-0.03553617781179499,crs / gsat / apollo
Orbcomm C1 - C8,Northrop,"Stargazer, Wallops Flight Facility, Virginia, USA",1998-09-23,5:06:00,Pegasus XL/HAPS,24850000,True,Orbcomm C1 - C8,orbcomm c c,6,-0.09046526631534488,-0.03561895881854072,crs / gsat / apollo
Panamsat-7,Arianespace,"ELA-2, Guiana Space Centre, French Guiana, France",1998-09-16,6:31:00,Ariane 44LP,4270000,True,Panamsat-7,panamsat,6,-0.091717478639604,-0.036835361078912734,crs / gsat / apollo
ST-1,Arianespace,"ELA-2, Guiana Space Centre, French Guiana, France",1998-08-25,23:07:00,Ariane 44P,17530000,True,ST-1,st,6,-0.08867301255688585,-0.03396829303840616,crs / gsat / apollo
Orbcomm B1 - B8,Northrop,"Stargazer, Wallops Flight Facility, Virginia, USA",1998-08-02,16:24:00,Pegasus XL/HAPS,2160000,True,Orbcomm B1 - B8,orbcomm b b,6,-0.09046526631534488,-0.03561895881854072,crs / gsat / apollo
Intelsat 805,ILS,"SLC-36A, Cape Canaveral AFS, Florida, USA",1998-06-18,22:48:00,Atlas IIAS,5430000,True,Intelsat 805,intelsat,3,-0.15978120851655936,0.9414709268839893,intelsat / intelsat intelsat / æs
STS-91,NASA,"LC-39A, Kennedy Space Center, Florida, USA",1998-06-02,22:06:00,Space Shuttle Discovery,22120000,True,STS-91,sts,2,0.9057820322686173,0.020463996926628213,sts / æs / gstar sbs
"Nilesat-101, BSAT-1B",Arianespace,"ELA-2, Guiana Space Centre, French Guiana, France",1998-04-28,22:53:00,Ariane 44P,16490000,True,"Nilesat-101, BSAT-1B",nilesat bsat b,6,-0.09004208339275323,-0.032946972187997366,crs / gsat / apollo
STS-90,NASA,"LC-39B, Kennedy Space Center, Florida, USA",1998-04-17,18:19:00,Space Shuttle Columbia,16920000,True,STS-90,sts,2,0.9057820322686173,0.020463996926628213,sts / æs / gstar sbs
TRACE,Northrop,"Stargazer, Vandenberg AFB, California, USA",1998-04-02,16:24:00,Pegasus XL,4840000,True,TRACE,trace,6,-0.08769257587400439,-0.033027578549687346,crs / gsat / apollo
SPOT-4,Arianespace,"ELA-2, Guiana Space Centre, French Guiana, France",1998-03-24,1:46:00,Ariane 40,20440000,True,SPOT-4,spot,6,-0.08967537670517475,-0.034867350792240404,crs / gsat / apollo
Intelsat 806,ILS,"SLC-36B, Cape Canaveral AFS, Florida, USA",1998-02-28,0:21:00,Atlas IIAS,10680000,True,Intelsat 806,intelsat,3,-0.15978120851655936,0.9414709268839893,intelsat / intelsat intelsat / æs
Hot Bird 4,Arianespace,"ELA-2, Guiana Space Centre, French Guiana, France",1998-02-27,22:38:00,Ariane 42P,17720000,True,Hot Bird 4,hot bird,6,-0.09316589440304131,-0.038321588216632826,crs / gsat / apollo
SNOE & BATSAT,Northrop,"Stargazer, Wallops Flight Facility, Virginia, USA",1998-02-26,7:07:00,Pegasus XL,13020000,True,SNOE & BATSAT,snoe batsat,6,-0.0874814903464701,-0.032836510367308405,crs / gsat / apollo
GFO & Orbcomm 11 and 12,Northrop,"SLC-576E, Vandenberg AFB, California, USA",1998-02-10,13:20:00,Minotaur C (Taurus),23410000,True,GFO & Orbcomm 11 and 12,gfo orbcomm and,6,-0.08918452352539674,-0.034428578065313575,crs / gsat / apollo
"Brasilsat B3, Inmarsat-3 F5",Arianespace,"ELA-2, Guiana Space Centre, French Guiana, France",1998-02-04,23:29:00,Ariane 44LP,24610000,True,"Brasilsat B3, Inmarsat-3 F5",brasilsat b inmarsat f,6,-0.09053343161553966,-0.0357375950813436,crs / gsat / apollo
STS-89,NASA,"LC-39A, Kennedy Space Center, Florida, USA",1998-01-22,2:48:00,Space Shuttle Endeavour,5360000,True,STS-89,sts,2,0.9057820322686173,0.020463996926628213,sts / æs / gstar sbs
PAS-22,ILS,"Site 81/23, Baikonur Cosmodrome, Kazakhstan",1997-12-24,23:19:00,Proton K/Block DM-3,19190000,False,PAS-22,pas,6,-0.0874814903464701,-0.0328365103672413,crs / gsat / apollo
Orbcomm A1-A8,Northrop,"Stargazer, Wallops Flight Facility, Virginia, USA",1997-12-23,19:11:00,Pegasus XL/HAPS,14640000,True,Orbcomm A1-A8,orbcomm a a,6,-0.09046526631534488,-0.03561895881854072,crs / gsat / apollo
Intelsat 804,Arianespace,"ELA-2, Guiana Space Centre, French Guiana, France",1997-12-22,0:16:00,Ariane 42L,2460000,True,Intelsat 804,intelsat,3,-0.15978120851655936,0.9414709268839893,intelsat / intelsat intelsat / æs
"Sirius-2, Cakrawarta-1",Arianespace,"ELA-2, Guiana Space Centre, French Guiana, France",1997-12-12,21:48:00,Ariane 44L,8920000,True,"Sirius-2, Cakrawarta-1",sirius cakrawarta,6,-0.08774169065269663,-0.03308014568700655,crs / gsat / apollo
Galaxy 8i,ILS,"SLC-36B, Cape Canaveral AFS, Florida, USA",1997-12-08,23:52:00,Atlas IIAS,5330000,True,Galaxy 8i,galaxy i,6,-0.09469604542663598,-0.040012325253783065,crs / gsat / apollo
"JCSAT-5, Equator S",Arianespace,"ELA-2, Guiana Space Centre, French Guiana, France",1997-12-02,22:52:00,Ariane 44P,13140000,True,"JCSAT-5, Equator S",jcsat equator s,6,-0.09080863193512917,-0.03607867931742079,crs / gsat / apollo
STS-87,NASA,"LC-39B, Kennedy Space Center, Florida, USA",1997-11-19,19:46:00,Space Shuttle Columbia,15730000,True,STS-87,sts,2,0.9057820322686173,0.020463996926628213,sts / æs / gstar sbs
"MaqSat-H, TEAMSAT, MaqSat-B, YES",ESA,"ELA-3, Guiana Space Centre, French Guiana, France",1997-10-30,13:43:00,Ariane 5 G,6960000,False,"MaqSat-H, TEAMSAT, MaqSat-B, YES",maqsath teamsat maqsatb yes,6,-0.08759194526514355,-0.03293515791011428,crs / gsat / apollo
STEP-4,Northrop,"Stargazer, Wallops Flight Facility, Virginia, USA",1997-10-22,13:13:00,Pegasus XL,3110000,True,STEP-4,step,6,-0.08998899057288388,-0.03516129367208039,crs / gsat / apollo
Echostar 3,ILS,"SLC-36B, Cape Canaveral AFS, Florida, USA",1997-10-05,21:01:00,Atlas IIAS,23020000,True,Echostar 3,echostar,6,-0.09266333671955887,-0.037830983033789144,crs / gsat / apollo
IRS-1D,ISRO,"First Launch Pad, Satish Dhawan Space Centre, India",1997-09-29,10:20:00,PSLV-G,9290000,False,IRS-1D,irs d,6,-0.0874814903464685,-0.03283651036711751,crs / gsat / apollo
STS-86,NASA,"LC-39A, Kennedy Space Center, Florida, USA",1997-09-25,14:34:00,Space Shuttle Atlantis,9860000,True,STS-86,sts,2,0.9057820322686173,0.020463996926628213,sts / æs / gstar sbs
Intelsat 803,Arianespace,"ELA-2, Guiana Space Centre, French Guiana, France",1997-09-23,23:58:00,Ariane 44LP,3840000,True,Intelsat 803,intelsat,3,-0.15978120851655936,0.9414709268839893,intelsat / intelsat intelsat / æs
GE-3,ILS,"SLC-36A, Cape Canaveral AFS, Florida, USA",1997-09-04,12:03:00,Atlas IIAS,12790000,True,GE-3,ge,6,-0.09042375079814573,-0.03559101323757432,crs / gsat / apollo
"Hot Bird 3, Meteosat 7",Arianespace,"ELA-2, Guiana Space Centre, French Guiana, France",1997-09-02,22:21:00,Ariane 44LP,5730000,True,"Hot Bird 3, Meteosat 7",hot bird meteosat,6,-0.09238182253323847,-0.037552613015274204,crs / gsat / apollo
FORTE,Northrop,"Stargazer, Vandenberg AFB, California, USA",1997-08-29,15:02:00,Pegasus XL,7650000,True,FORTE,forte,6,-0.08748149034647214,-0.032836510365713764,crs / gsat / apollo
Panamsat-6,Arianespace,"ELA-2, Guiana Space Centre, French Guiana, France",1997-08-08,6:46:00,Ariane 44P,13940000,True,Panamsat-6,panamsat,6,-0.091717478639604,-0.036835361078912734,crs / gsat / apollo
STS-85,NASA,"LC-39A, Kennedy Space Center, Florida, USA",1997-08-07,14:41:00,Space Shuttle Discovery,6570000,True,STS-85,sts,2,0.9057820322686173,0.020463996926628213,sts / æs / gstar sbs
OrbView-2,Northrop,"Stargazer, Base Aerea de Gando, Gran Canaria",1997-08-01,20:20:00,Pegasus XL,24500000,True,OrbView-2,orbview,6,-0.08900502881080567,-0.03423307307507619,crs / gsat / apollo
Superbird C,ILS,"SLC-36B, Cape Canaveral AFS, Florida, USA",1997-07-28,1:15:00,Atlas IIAS,11130000,True,Superbird C,superbird c,6,-0.09009675749005433,-0.03527041357319323,crs / gsat / apollo
STS-94,NASA,"LC-39A, Kennedy Space Center, Florida, USA",1997-07-01,18:02:00,Space Shuttle Columbia,6840000,True,STS-94,sts,2,0.9057820322686173,0.020463996926628213,sts / æs / gstar sbs
Intelsat 802,Arianespace,"ELA-2, Guiana Space Centre, French Guiana, France",1997-06-25,23:44:00,Ariane 44P,6280000,True,Intelsat 802,intelsat,3,-0.15978120851655936,0.9414709268839893,intelsat / intelsat intelsat / æs
"Inmarsat 3 F4, Insat 2D",Arianespace,"ELA-2, Guiana Space Centre, French Guiana, France",1997-06-03,23:20:00,Ariane 44L,19660000,True,"Inmarsat 3 F4, Insat 2D",inmarsat f insat d,6,-0.09318554511388626,-0.0383222031881696,crs / gsat / apollo
STS-84,NASA,"LC-39A, Kennedy Space Center, Florida, USA",1997-05-15,8:07:00,Space Shuttle Atlantis,2040000,True,STS-84,sts,2,0.9057820322686173,0.020463996926628213,sts / æs / gstar sbs
MiniSat & Celestis space burial,Northrop,"Stargazer, Base Aerea de Gando, Gran Canaria",1997-04-21,11:59:00,Pegasus XL,3380000,True,MiniSat & Celestis space burial,minisat celestis space burial,6,-0.08782897992093958,-0.03317838863733043,crs / gsat / apollo
"Thaicom 3, BSAT 1a",Arianespace,"ELA-2, Guiana Space Centre, French Guiana, France",1997-04-16,23:08:00,Ariane 44LP,11660000,True,"Thaicom 3, BSAT 1a",thaicom bsat a,6,-0.09063364213781357,-0.03346313348422259,crs / gsat / apollo
STS-83,NASA,"LC-39A, Kennedy Space Center, Florida, USA",1997-04-04,19:20:00,Space Shuttle Columbia,10450000,True,STS-83,sts,2,0.9057820322686173,0.020463996926628213,sts / æs / gstar sbs
Tempo 2,ILS,"SLC-36A, Cape Canaveral AFS, Florida, USA",1997-03-08,6:01:00,Atlas IIA,10090000,True,Tempo 2,tempo,6,-0.08748149034646853,-0.032836510367537514,crs / gsat / apollo
Intelsat 801,Arianespace,"ELA-2, Guiana Space Centre, French Guiana, France",1997-03-01,1:07:00,Ariane 44P,24520000,True,Intelsat 801,intelsat,3,-0.15978120851655936,0.9414709268839893,intelsat / intelsat intelsat / æs
JCSAT-4,ILS,"SLC-36B, Cape Canaveral AFS, Florida, USA",1997-02-17,1:42:00,Atlas IIAS,15760000,True,JCSAT-4,jcsat,6,-0.09441092213690801,-0.03956246585557291,crs / gsat / apollo
STS-82,NASA,"LC-39A, Kennedy Space Center, Florida, USA",1997-02-11,8:55:00,Space Shuttle Discovery,1320000,True,STS-82,sts,2,0.9057820322686173,0.020463996926628213,sts / æs / gstar sbs
"GE-2, Nahuel 1A",Arianespace,"ELA-2, Guiana Space Centre, French Guiana, France",1997-01-30,22:04:00,Ariane 44L,11460000,True,"GE-2, Nahuel 1A",ge nahuel a,6,-0.08913955467097158,-0.03439189410423206,crs / gsat / apollo
STS-81,NASA,"LC-39B, Kennedy Space Center, Florida, USA",1997-01-12,9:27:00,Space Shuttle Atlantis,20300000,True,STS-81,sts,2,0.9057820322686173,0.020463996926628213,sts / æs / gstar sbs
Inmarsat 3-F3,ILS,"SLC-36B, Cape Canaveral AFS, Florida, USA",1996-12-18,1:57:00,Atlas IIA,10680000,True,Inmarsat 3-F3,inmarsat f,6,-0.09186283359132091,-0.037020100644630606,crs / gsat / apollo
STS-80,NASA,"LC-39B, Kennedy Space Center, Florida, USA",1996-12-07,11:49:00,Space Shuttle Columbia,16670000,True,STS-80,sts,2,0.9057820322686173,0.020463996926628213,sts / æs / gstar sbs
Hot Bird 2,ILS,"SLC-36A, Cape Canaveral AFS, Florida, USA",1996-11-21,20:47:00,Atlas IIA,20280000,True,Hot Bird 2,hot bird,6,-0.09316589440304131,-0.038321588216632826,crs / gsat / apollo
"Arabsat-2B, Measat-2",Arianespace,"ELA-2, Guiana Space Centre, French Guiana, France",1996-11-13,22:40:00,Ariane 44L,12160000,True,"Arabsat-2B, Measat-2",arabsat b measat,6,-0.0899403103152131,-0.03515367126043803,crs / gsat / apollo
HETE & SAC-B,Northrop,"Stargazer, Vandenberg AFB, California, USA",1996-11-04,17:08:00,Pegasus XL,23330000,False,HETE & SAC-B,hete sacb,6,-0.08788140130687812,-0.033195307439643794,crs / gsat / apollo
STS-79,NASA,"LC-39A, Kennedy Space Center, Florida, USA",1996-09-16,8:54:00,Space Shuttle Atlantis,5010000,True,STS-79,sts,2,0.9057820322686173,0.020463996926628213,sts / æs / gstar sbs
Echostar-2,Arianespace,"ELA-2, Guiana Space Centre, French Guiana, France",1996-09-11,0:00:00,Ariane 42P,22340000,True,Echostar-2,echostar,6,-0.09266333671955887,-0.037830983033789144,crs / gsat / apollo
GE-1,ILS,"SLC-36B, Cape Canaveral AFS, Florida, USA",1996-09-08,21:49:00,Atlas IIA,14380000,True,GE-1,ge,6,-0.09042375079814573,-0.03559101323757432,crs / gsat / apollo
FAST,Northrop,"Stargazer, Vandenberg AFB, California, USA",1996-08-21,9:47:00,Pegasus XL,22280000,True,FAST,fast,6,-0.08820329681971063,-0.03348742467046072,crs / gsat / apollo
"Italsat F2, Telecom 2D",Arianespace,"ELA-2, Guiana Space Centre, French Guiana, France",1996-08-08,22:49:00,Ariane 44L,21730000,True,"Italsat F2, Telecom 2D",italsat f telecom d,6,-0.0890050913643675,-0.034273102516647114,crs / gsat / apollo
"Arabsat-2A, T??rksat 1C",Arianespace,"ELA-2, Guiana Space Centre, French Guiana, France",1996-07-09,22:24:00,Ariane 44L,7000000,True,"Arabsat-2A, T??rksat 1C",arabsat a trksat c,6,-0.08914444602971357,-0.03440970749002093,crs / gsat / apollo
TOMS,Northrop,"Stargazer, Vandenberg AFB, California, USA",1996-07-02,7:48:00,Pegasus XL,24080000,True,TOMS,toms,6,-0.08748149034647108,-0.032836510365641995,crs / gsat / apollo
STS-78,NASA,"LC-39B, Kennedy Space Center, Florida, USA",1996-06-20,14:49:00,Space Shuttle Columbia,4170000,True,STS-78,sts,2,0.9057820322686173,0.020463996926628213,sts / æs / gstar sbs
Intelsat 709,Arianespace,"ELA-2, Guiana Space Centre, French Guiana, France",1996-06-15,6:55:00,Ariane 44P,16270000,True,Intelsat 709,intelsat,3,-0.15978120851655936,0.9414709268839893,intelsat / intelsat intelsat / æs
Cluster,ESA,"ELA-3, Guiana Space Centre, French Guiana, France",1996-06-04,12:34:00,Ariane 5 G,19800000,False,Cluster,cluster,6,-0.0874814903464684,-0.03283651036683419,crs / gsat / apollo
STS-77,NASA,"LC-39B, Kennedy Space Center, Florida, USA",1996-05-19,10:30:00,Space Shuttle Endeavour,24040000,True,STS-77,sts,2,0.9057820322686173,0.020463996926628213,sts / æs / gstar sbs
MSTI-3,Northrop,"Stargazer, Vandenberg AFB, California, USA",1996-05-17,2:44:00,Pegasus,11110000,True,MSTI-3,msti,6,-0.08748149034646752,-0.032836510366212546,crs / gsat / apollo
"Palapa C2, AMOS-1",Arianespace,"ELA-2, Guiana Space Centre, French Guiana, France",1996-05-16,1:56:00,Ariane 44L,1900000,True,"Palapa C2, AMOS-1",palapa c amos,6,-0.08869264122235039,-0.03393161537150215,crs / gsat / apollo
M-SAT-1,Arianespace,"ELA-2, Guiana Space Centre, French Guiana, France",1996-04-20,22:36:00,Ariane 42P,3590000,True,M-SAT-1,msat,6,-0.08748149034646817,-0.03283651036754564,crs / gsat / apollo
Inmarsat 3-F1,ILS,"SLC-36A, Cape Canaveral AFS, Florida, USA",1996-04-03,23:01:00,Atlas IIA,11290000,True,Inmarsat 3-F1,inmarsat f,6,-0.09186283359132091,-0.037020100644630606,crs / gsat / apollo
STS-76,NASA,"LC-39B, Kennedy Space Center, Florida, USA",1996-03-22,8:13:00,Space Shuttle Atlantis,11260000,True,STS-76,sts,2,0.9057820322686173,0.020463996926628213,sts / æs / gstar sbs
IRS-P3,ISRO,"First Launch Pad, Satish Dhawan Space Centre, India",1996-03-21,4:53:00,PSLV-G,3800000,True,IRS-P3,irsp,6,-0.08962377948992518,-0.034806741895878665,crs / gsat / apollo
Intelsat 707,Arianespace,"ELA-2, Guiana Space Centre, French Guiana, France",1996-03-14,7:11:00,Ariane 44LP,11880000,True,Intelsat 707,intelsat,3,-0.15978120851655936,0.9414709268839893,intelsat / intelsat intelsat / æs
REX II,Northrop,"Stargazer, Vandenberg AFB, California, USA",1996-03-09,1:53:00,Pegasus XL,3780000,True,REX II,rex ii,6,-0.08763917287183771,-0.03298846005132143,crs / gsat / apollo
STS-75,NASA,"LC-39B, Kennedy Space Center, Florida, USA",1996-02-22,20:18:00,Space Shuttle Columbia,20590000,True,STS-75,sts,2,0.9057820322686173,0.020463996926628213,sts / æs / gstar sbs
N-Star B,Arianespace,"ELA-2, Guiana Space Centre, French Guiana, France",1996-02-05,7:19:00,Ariane 44P,19720000,True,N-Star B,nstar b,6,-0.0882032968196372,-0.03348742469892271,crs / gsat / apollo
Palapa C1,ILS,"SLC-36B, Cape Canaveral AFS, Florida, USA",1996-02-01,1:15:00,Atlas IIAS,20940000,True,Palapa C1,palapa c,6,-0.08789791462408113,-0.03321491780302303,crs / gsat / apollo
"Panamsat-3R, Measat-1",Arianespace,"ELA-2, Guiana Space Centre, French Guiana, France",1996-01-12,23:10:00,Ariane 44L,8060000,True,"Panamsat-3R, Measat-1",panamsat r measat,6,-0.09055294245521872,-0.03573341109867265,crs / gsat / apollo
STS-72,NASA,"LC-39B, Kennedy Space Center, Florida, USA",1996-01-11,9:41:00,Space Shuttle Endeavour,15530000,True,STS-72,sts,2,0.9057820322686173,0.020463996926628213,sts / æs / gstar sbs
"Telecom 2C, Insat 2C",Arianespace,"ELA-2, Guiana Space Centre, French Guiana, France",1995-12-06,23:23:00,Ariane 44L,4960000,True,"Telecom 2C, Insat 2C",telecom c insat c,6,-0.09195139084415707,-0.03712660008082273,crs / gsat / apollo
Infrared Space Observatory,Arianespace,"ELA-2, Guiana Space Centre, French Guiana, France",1995-11-17,1:20:00,Ariane 44P,13800000,True,Infrared Space Observatory,infrared space observatory,6,-0.08824563985472336,-0.03355926800175642,crs / gsat / apollo
STS-74,NASA,"LC-39A, Kennedy Space Center, Florida, USA",1995-11-12,12:30:00,Space Shuttle Atlantis,5360000,True,STS-74,sts,2,0.9057820322686173,0.020463996926628213,sts / æs / gstar sbs
STS-73,NASA,"LC-39B, Kennedy Space Center, Florida, USA",1995-10-20,13:53:00,Space Shuttle Columbia,11550000,True,STS-73,sts,2,0.9057820322686173,0.020463996926628213,sts / æs / gstar sbs
Astra 1E,Arianespace,"ELA-2, Guiana Space Centre, French Guiana, France",1995-10-19,0:28:00,Ariane 42L,6270000,True,Astra 1E,astra e,6,-0.09281931475553493,-0.037978702317854815,crs / gsat / apollo
Telstar 402R,Arianespace,"ELA-2, Guiana Space Centre, French Guiana, France",1995-09-24,0:06:00,Ariane 42L,2150000,True,Telstar 402R,telstar r,6,-0.09082597586805352,-0.03597537148924748,crs / gsat / apollo
STS-69,NASA,"LC-39A, Kennedy Space Center, Florida, USA",1995-09-07,15:09:00,Space Shuttle Endeavour,24370000,True,STS-69,sts,2,0.9057820322686173,0.020463996926628213,sts / æs / gstar sbs
N-Star A,Arianespace,"ELA-2, Guiana Space Centre, French Guiana, France",1995-08-29,6:41:00,Ariane 42P,21220000,True,N-Star A,nstar a,6,-0.0882032968196372,-0.03348742469892271,crs / gsat / apollo
JCSAT-3,ILS,"SLC-36B, Cape Canaveral AFS, Florida, USA",1995-08-29,0:53:00,Atlas IIAS,13800000,True,JCSAT-3,jcsat,6,-0.09441092213690801,-0.03956246585557291,crs / gsat / apollo
Panamsat-4,Arianespace,"ELA-2, Guiana Space Centre, French Guiana, France",1995-08-03,22:58:00,Ariane 42L,6150000,True,Panamsat-4,panamsat,6,-0.091717478639604,-0.036835361078912734,crs / gsat / apollo
STS-70,NASA,"LC-39B, Kennedy Space Center, Florida, USA",1995-07-13,13:41:00,Space Shuttle Discovery,18680000,True,STS-70,sts,2,0.9057820322686173,0.020463996926628213,sts / æs / gstar sbs
"Helios 1A, Cerise, LBSAT-1",Arianespace,"ELA-2, Guiana Space Centre, French Guiana, France",1995-07-07,16:23:00,Ariane 40,6200000,True,"Helios 1A, Cerise, LBSAT-1",helios a cerise lbsat,6,-0.08856184372003058,-0.033832467273614344,crs / gsat / apollo
STS-71,NASA,"LC-39A, Kennedy Space Center, Florida, USA",1995-06-27,19:32:00,Space Shuttle Atlantis,20490000,True,STS-71,sts,2,0.9057820322686173,0.020463996926628213,sts / æs / gstar sbs
STEP-3,Northrop,"Stargazer, Vandenberg AFB, California, USA",1995-06-22,19:58:00,Pegasus XL,4530000,False,STEP-3,step,6,-0.08998899057288388,-0.03516129367208039,crs / gsat / apollo
DBS-3,Arianespace,"ELA-2, Guiana Space Centre, French Guiana, France",1995-06-10,0:24:00,Ariane 42P,4120000,True,DBS-3,dbs,6,-0.08791095803961614,-0.03323033157930691,crs / gsat / apollo
Intelsat 706,Arianespace,"ELA-2, Guiana Space Centre, French Guiana, France",1995-05-17,6:34:00,Ariane 44LP,5950000,True,Intelsat 706,intelsat,3,-0.15978120851655936,0.9414709268839893,intelsat / intelsat intelsat / æs
ERS-2,Arianespace,"ELA-2, Guiana Space Centre, French Guiana, France",1995-04-21,1:44:00,Ariane 40,11510000,True,ERS-2,ers,6,-0.08771454315715725,-0.03304678835158755,crs / gsat / apollo
AMSC-1,ILS,"SLC-36A, Cape Canaveral AFS, Florida, USA",1995-04-07,23:47:00,Atlas IIA,15950000,True,AMSC-1,amsc,6,-0.0874814903464713,-0.03283651036613869,crs / gsat / apollo
Orbcomm F1 and F2 & OrbView-1,Northrop,"Stargazer, Vandenberg AFB, California, USA",1995-04-03,13:48:00,Pegasus,15580000,True,Orbcomm F1 and F2 & OrbView-1,orbcomm f and f orbview,6,-0.09027856752707741,-0.03542488172722554,crs / gsat / apollo
"Brasilsat B2, Hot Bird 1",Arianespace,"ELA-2, Guiana Space Centre, French Guiana, France",1995-03-28,11:19:00,Ariane 44LP,11440000,True,"Brasilsat B2, Hot Bird 1",brasilsat b hot bird,6,-0.09222324662609391,-0.037394475722093895,crs / gsat / apollo
DMSP F-13,General Dynamics,"SLC-3W, Vandenberg AFB, California, USA",1995-03-24,14:05:00,Atlas-E/F Star-37S-ISS,23740000,True,DMSP F-13,dmsp f,6,-0.09279730166398203,-0.03800800506009246,crs / gsat / apollo
Intelsat 705,ILS,"SLC-36B, Cape Canaveral AFS, Florida, USA",1995-03-22,6:18:00,Atlas IIAS,5180000,True,Intelsat 705,intelsat,3,-0.15978120851655936,0.9414709268839893,intelsat / intelsat intelsat / æs
STS-67,NASA,"LC-39A, Kennedy Space Center, Florida, USA",1995-03-02,6:38:00,Space Shuttle Endeavour,4770000,True,STS-67,sts,2,0.9057820322686173,0.020463996926628213,sts / æs / gstar sbs
STS-63,NASA,"LC-39B, Kennedy Space Center, Florida, USA",1995-02-03,5:22:00,Space Shuttle Discovery,11030000,True,STS-63,sts,2,0.9057820322686173,0.020463996926628213,sts / æs / gstar sbs
Intelsat 704,ILS,"SLC-36B, Cape Canaveral AFS, Florida, USA",1995-01-10,6:18:00,Atlas IIAS,13300000,True,Intelsat 704,intelsat,3,-0.15978120851655936,0.9414709268839893,intelsat / intelsat intelsat / æs
NOAA-J,General Dynamics,"SLC-3W, Vandenberg AFB, California, USA",1994-12-30,10:02:00,Atlas-E/F Star-37S-ISS,3230000,True,NOAA-J,noaaj,6,-0.08748149034647015,-0.0328365103661565,crs / gsat / apollo
DSP,Martin Marietta,"SLC-40, Cape Canaveral AFS, Florida, USA",1994-12-22,22:19:00,Titan IV(402)A,10320000,True,DSP,dsp,0,-0.09911040817467,-0.04549508059932988,dsp / æs / gstar sbs
Panamsat-3,Arianespace,"ELA-2, Guiana Space Centre, French Guiana, France",1994-12-01,22:57:00,Ariane 42P,16850000,False,Panamsat-3,panamsat,6,-0.091717478639604,-0.036835361078912734,crs / gsat / apollo
STS-66,NASA,"LC-39B, Kennedy Space Center, Florida, USA",1994-11-03,16:59:00,Space Shuttle Atlantis,5030000,True,STS-66,sts,2,0.9057820322686173,0.020463996926628213,sts / æs / gstar sbs
Astra 1D,Arianespace,"ELA-2, Guiana Space Centre, French Guiana, France",1994-11-01,0:37:00,Ariane 42P,11860000,True,Astra 1D,astra d,6,-0.09281931475553493,-0.037978702317854815,crs / gsat / apollo
IRS-P2,ISRO,"First Launch Pad, Satish Dhawan Space Centre, India",1994-10-15,5:05:00,PSLV-G,1600000,True,IRS-P2,irsp,6,-0.08962377948992518,-0.034806741895878665,crs / gsat / apollo
"Solidaridad-2, Thaicom-2",Arianespace,"ELA-2, Guiana Space Centre, French Guiana, France",1994-10-08,1:07:00,Ariane 44L,20190000,True,"Solidaridad-2, Thaicom-2",solidaridad thaicom,6,-0.0890947761553006,-0.03431030865948399,crs / gsat / apollo
STS-68,NASA,"LC-39A, Kennedy Space Center, Florida, USA",1994-09-30,11:16:00,Space Shuttle Endeavour,4880000,True,STS-68,sts,2,0.9057820322686173,0.020463996926628213,sts / æs / gstar sbs
STS-64,NASA,"LC-39B, Kennedy Space Center, Florida, USA",1994-09-09,22:22:00,Space Shuttle Discovery,10740000,True,STS-64,sts,2,0.9057820322686173,0.020463996926628213,sts / æs / gstar sbs
Telstar 402,Arianespace,"ELA-2, Guiana Space Centre, French Guiana, France",1994-09-09,0:29:00,Ariane 42L,8070000,True,Telstar 402,telstar,6,-0.09082597586805352,-0.03597537148924748,crs / gsat / apollo
APEX,Northrop,"NB-52B Carrier, Edwards AFB, California, USA",1994-09-03,14:38:00,Pegasus,14810000,True,APEX,apex,6,-0.08748149034647001,-0.032836510366534725,crs / gsat / apollo
DMSP F-12,General Dynamics,"SLC-3W, Vandenberg AFB, California, USA",1994-08-29,17:38:00,Atlas-E/F Star-37S-ISS,8920000,True,DMSP F-12,dmsp f,6,-0.09279730166398203,-0.03800800506009246,crs / gsat / apollo
Mercury,Martin Marietta,"SLC-41, Cape Canaveral AFS, Florida, USA",1994-08-27,8:58:00,Titan IV(401)A,19940000,True,Mercury,mercury,6,-0.0874814903464697,-0.03283651036786161,crs / gsat / apollo
"Brasilsat B1, Turksat 1B",Arianespace,"ELA-2, Guiana Space Centre, French Guiana, France",1994-08-10,23:05:00,Ariane 44LP,16300000,True,"Brasilsat B1, Turksat 1B",brasilsat b turksat b,6,-0.08900833666165182,-0.03425681792508608,crs / gsat / apollo
"Panamsat-2, Yuri-3N",Arianespace,"ELA-2, Guiana Space Centre, French Guiana, France",1994-07-08,23:05:00,Ariane 44L,13640000,True,"Panamsat-2, Yuri-3N",panamsat yuri n,6,-0.0902025868283583,-0.03539148757448,crs / gsat / apollo
STS-65,NASA,"LC-39A, Kennedy Space Center, Florida, USA",1994-07-08,4:43:00,Space Shuttle Columbia,4240000,True,STS-65,sts,2,0.9057820322686173,0.020463996926628213,sts / æs / gstar sbs
STEP-1,Northrop,"Stargazer, Vandenberg AFB, California, USA",1994-06-27,21:15:00,Pegasus XL,16720000,False,STEP-1,step,6,-0.08998899057288388,-0.03516129367208039,crs / gsat / apollo
"Intelsat 702, STRV 1A & 1B",Arianespace,"ELA-2, Guiana Space Centre, French Guiana, France",1994-06-17,7:07:00,Ariane 44LP,20180000,True,"Intelsat 702, STRV 1A & 1B",intelsat strv a b,6,-0.11411536720156652,0.3227107526860812,crs / gsat / apollo
STEP-2,Northrop,"NB-52B Carrier, Edwards AFB, California, USA",1994-05-19,17:03:00,Pegasus/HAPS,4950000,False,STEP-2,step,6,-0.08998899057288388,-0.03516129367208039,crs / gsat / apollo
SROSS C2,ISRO,"SLV LP, Satish Dhawan Space Centre, India",1994-05-04,0:00:00,ASLV,23330000,True,SROSS C2,sross c,6,-0.08820329682002231,-0.033487424650094744,crs / gsat / apollo
Trumpet,Martin Marietta,"SLC-41, Cape Canaveral AFS, Florida, USA",1994-05-03,15:55:00,Titan IV(401)A,24390000,True,Trumpet,trumpet,6,-0.08748149034647015,-0.03283651036658048,crs / gsat / apollo
STS-59,NASA,"LC-39A, Kennedy Space Center, Florida, USA",1994-04-09,11:05:00,Space Shuttle Endeavour,7420000,True,STS-59,sts,2,0.9057820322686173,0.020463996926628213,sts / æs / gstar sbs
STEP Mission 0 & DARPASAT,Northrop,"SLC-576E, Vandenberg AFB, California, USA",1994-03-13,22:32:00,Minotaur C (Taurus),9340000,True,STEP Mission 0 & DARPASAT,step mission darpasat,6,-0.08945139256006093,-0.034653061388403454,crs / gsat / apollo
STS-62,NASA,"LC-39B, Kennedy Space Center, Florida, USA",1994-03-04,13:53:00,Space Shuttle Columbia,1690000,True,STS-62,sts,2,0.9057820322686173,0.020463996926628213,sts / æs / gstar sbs
Milstar DFS-1,Martin Marietta,"SLC-40, Cape Canaveral AFS, Florida, USA",1994-02-07,21:47:00,Titan IV(401)A,15390000,True,Milstar DFS-1,milstar dfs,6,-0.0879064782705161,-0.033219213775205134,crs / gsat / apollo
STS-60,NASA,"LC-39A, Kennedy Space Center, Florida, USA",1994-02-03,12:10:00,Space Shuttle Discovery,21110000,True,STS-60,sts,2,0.9057820322686173,0.020463996926628213,sts / æs / gstar sbs
Clementine,Martin Marietta,"SLC-4W, Vandenberg AFB, California, USA",1994-01-25,16:34:00,Titan II(23)G,15940000,True,Clementine,clementine,6,-0.08748149034646852,-0.032836510366605086,crs / gsat / apollo
"Eutelsat 2F5, Turksat 1A",Arianespace,"ELA-2, Guiana Space Centre, French Guiana, France",1994-01-24,21:37:00,Ariane 44LP,4410000,False,"Eutelsat 2F5, Turksat 1A",eutelsat f turksat a,6,-0.09290433503997923,-0.03702088718174099,crs / gsat / apollo
"DBS-1, Thaicom-1",Arianespace,"ELA-2, Guiana Space Centre, French Guiana, France",1993-12-18,1:27:00,Ariane 44L,3150000,True,"DBS-1, Thaicom-1",dbs thaicom,6,-0.0892685920839175,-0.034463496164663474,crs / gsat / apollo
Telstar 401,General Dynamics,"SLC-36B, Cape Canaveral AFS, Florida, USA",1993-12-16,0:38:00,Atlas IIAS,15730000,True,Telstar 401,telstar,6,-0.09082597586805352,-0.03597537148924748,crs / gsat / apollo
STS-61,NASA,"LC-39B, Kennedy Space Center, Florida, USA",1993-12-02,9:27:00,Space Shuttle Endeavour,8950000,True,STS-61,sts,2,0.9057820322686173,0.020463996926628213,sts / æs / gstar sbs
USA-97 (DSCS IIIB-10,General Dynamics,"SLC-36A, Cape Canaveral AFS, Florida, USA",1993-11-28,23:40:00,Atlas II,15620000,True,USA-97 (DSCS IIIB-10,usa dscs iiib,6,-0.09182033892101624,-0.0380868501599261,crs / gsat / apollo
"Solidaridad 1, Meteosat 6",Arianespace,"ELA-2, Guiana Space Centre, French Guiana, France",1993-11-20,1:17:00,Ariane 44LP,2610000,True,"Solidaridad 1, Meteosat 6",solidaridad meteosat,6,-0.08853020726302771,-0.033826027319650114,crs / gsat / apollo
Intelsat 701,Arianespace,"ELA-2, Guiana Space Centre, French Guiana, France",1993-10-22,6:46:00,Ariane 44LP,5360000,True,Intelsat 701,intelsat,3,-0.15978120851655936,0.9414709268839893,intelsat / intelsat intelsat / æs
STS-58,NASA,"LC-39B, Kennedy Space Center, Florida, USA",1993-10-18,14:53:00,Space Shuttle Columbia,23710000,True,STS-58,sts,2,0.9057820322686173,0.020463996926628213,sts / æs / gstar sbs
Landsat 6,Martin Marietta,"SLC-4W, Vandenberg AFB, California, USA",1993-10-05,17:56:00,Titan II(23)G,6170000,False,Landsat 6,landsat,6,-0.0874814903464718,-0.03283651036700622,crs / gsat / apollo
"SPOT-3, Stella & Others",Arianespace,"ELA-2, Guiana Space Centre, French Guiana, France",1993-09-26,1:45:00,Ariane 40,6190000,True,"SPOT-3, Stella & Others",spot stella others,6,-0.08876325031509505,-0.03402498445809919,crs / gsat / apollo
IRS-P1,ISRO,"First Launch Pad, Satish Dhawan Space Centre, India",1993-09-20,5:12:00,PSLV-G,15490000,False,IRS-P1,irsp,6,-0.08962377948992518,-0.034806741895878665,crs / gsat / apollo
STS-51,NASA,"LC-39B, Kennedy Space Center, Florida, USA",1993-09-12,11:45:00,Space Shuttle Discovery,12970000,True,STS-51,sts,2,0.9057820322686173,0.020463996926628213,sts / æs / gstar sbs
UHF F2,General Dynamics,"SLC-36B, Cape Canaveral AFS, Florida, USA",1993-09-03,11:17:00,Atlas I,23800000,True,UHF F2,uhf f,6,-0.08820329681962631,-0.03348742462483903,crs / gsat / apollo
NOAA-I,General Dynamics,"SLC-3W, Vandenberg AFB, California, USA",1993-08-09,10:02:00,Atlas-E/F Star-37S-ISS,10830000,True,NOAA-I,noaai,6,-0.08748149034646906,-0.03283651036584527,crs / gsat / apollo
SLDCOM & 3x NOSS,Martin Marietta,"SLC-4E, Vandenberg AFB, California, USA",1993-08-02,19:59:00,Titan IV(403)A,6990000,False,SLDCOM & 3x NOSS,sldcom x noss,6,-0.09252398703828063,-0.03786257725516241,crs / gsat / apollo
"Hispasat 1B, Insat-2B",Arianespace,"ELA-2, Guiana Space Centre, French Guiana, France",1993-07-22,22:58:00,Ariane 44L,24810000,True,"Hispasat 1B, Insat-2B",hispasat b insat b,6,-0.09247300158852416,-0.03760435212014934,crs / gsat / apollo
USA-93 (DSCS IIIB-9),General Dynamics,"SLC-36A, Cape Canaveral AFS, Florida, USA",1993-07-19,22:04:00,Atlas II,20530000,True,USA-93 (DSCS IIIB-9),usa dscs iiib,6,-0.09182033892101624,-0.0380868501599261,crs / gsat / apollo
Galaxy-4,Arianespace,"ELA-2, Guiana Space Centre, French Guiana, France",1993-06-25,0:18:00,Ariane 44P,24480000,True,Galaxy-4,galaxy,6,-0.09469604542663598,-0.040012325253783065,crs / gsat / apollo
STS-57,NASA,"LC-39B, Kennedy Space Center, Florida, USA",1993-06-21,13:07:00,Space Shuttle Endeavour,9740000,True,STS-57,sts,2,0.9057820322686173,0.020463996926628213,sts / æs / gstar sbs
"Astra 1C, Arsene",Arianespace,"ELA-2, Guiana Space Centre, French Guiana, France",1993-05-12,0:56:00,Ariane 42L,19450000,True,"Astra 1C, Arsene",astra c arsene,6,-0.09010690784082294,-0.035373397273243755,crs / gsat / apollo
STS-55,NASA,"LC-39A, Kennedy Space Center, Florida, USA",1993-04-26,14:50:00,Space Shuttle Columbia,19710000,True,STS-55,sts,2,0.9057820322686173,0.020463996926628213,sts / æs / gstar sbs
ALEXIS,Northrop,"NB-52B Carrier, Edwards AFB, California, USA",1993-04-25,13:56:00,Pegasus,18870000,True,ALEXIS,alexis,6,-0.08748149034647026,-0.03283651036616968,crs / gsat / apollo
STS-56,NASA,"LC-39B, Kennedy Space Center, Florida, USA",1993-04-08,5:29:00,Space Shuttle Discovery,21130000,True,STS-56,sts,2,0.9057820322686173,0.020463996926628213,sts / æs / gstar sbs
UHF F1,General Dynamics,"SLC-36B, Cape Canaveral AFS, Florida, USA",1993-03-25,21:38:00,Atlas I,12080000,False,UHF F1,uhf f,6,-0.08820329681962631,-0.03348742462483903,crs / gsat / apollo
SCD-1,Northrop,"NB-52B Carrier, Cape Canaveral AFS, Florida, USA",1993-02-09,14:30:00,Pegasus,24090000,True,SCD-1,scd,6,-0.08820329681955752,-0.033487424544020115,crs / gsat / apollo
STS-54,NASA,"LC-39B, Kennedy Space Center, Florida, USA",1993-01-13,13:59:00,Space Shuttle Endeavour,18030000,True,STS-54,sts,2,0.9057820322686173,0.020463996926628213,sts / æs / gstar sbs
STS-53,NASA,"LC-39A, Kennedy Space Center, Florida, USA",1992-12-02,13:24:00,Space Shuttle Discovery,15150000,True,STS-53,sts,2,0.9057820322686173,0.020463996926628213,sts / æs / gstar sbs
Superbird A1,Arianespace,"ELA-2, Guiana Space Centre, French Guiana, France",1992-12-01,22:48:00,Ariane 42P,14980000,True,Superbird A1,superbird a,6,-0.09009675749005433,-0.03527041357319323,crs / gsat / apollo
KH-11 Kennen,Martin Marietta,"SLC-4E, Vandenberg AFB, California, USA",1992-11-28,21:34:00,Titan IV(404)A,10320000,True,KH-11 Kennen,kh kennen,6,-0.10221542960227807,-0.08138283229203938,crs / gsat / apollo
Galaxy-7,Arianespace,"ELA-2, Guiana Space Centre, French Guiana, France",1992-10-28,0:15:00,Ariane 42P,10370000,True,Galaxy-7,galaxy,6,-0.09469604542663598,-0.040012325253783065,crs / gsat / apollo
STS-52,NASA,"LC-39B, Kennedy Space Center, Florida, USA",1992-10-22,17:09:00,Space Shuttle Columbia,6740000,True,STS-52,sts,2,0.9057820322686173,0.020463996926628213,sts / æs / gstar sbs
Mars Observer,Martin Marietta,"SLC-40, Cape Canaveral AFS, Florida, USA",1992-09-25,17:05:00,Commercial Titan III,16290000,True,Mars Observer,mars observer,6,-0.08782828668157833,-0.03315478625708907,crs / gsat / apollo
STS-47,NASA,"LC-39B, Kennedy Space Center, Florida, USA",1992-09-12,14:23:00,Space Shuttle Endeavour,2720000,True,STS-47,sts,2,0.9057820322686173,0.020463996926628213,sts / æs / gstar sbs
"Hispasat 1A, Satcom C3",Arianespace,"ELA-2, Guiana Space Centre, French Guiana, France",1992-09-10,23:04:00,Ariane 44LP,11510000,True,"Hispasat 1A, Satcom C3",hispasat a satcom c,6,-0.08945834459039614,-0.03468114606942437,crs / gsat / apollo
Galaxy 1R,General Dynamics,"SLC-36B, Cape Canaveral AFS, Florida, USA",1992-08-22,22:40:00,Atlas I,8770000,False,Galaxy 1R,galaxy r,6,-0.09469604542663598,-0.040012325253783065,crs / gsat / apollo
"TOPEX/Poseidon, Oscar 23, S80/T",Arianespace,"ELA-2, Guiana Space Centre, French Guiana, France",1992-08-10,23:04:00,Ariane 42P,20700000,True,"TOPEX/Poseidon, Oscar 23, S80/T",topexposeidon oscar s t,6,-0.08829783612643818,-0.03359577261010788,crs / gsat / apollo
STS-46,NASA,"LC-39B, Kennedy Space Center, Florida, USA",1992-07-31,13:56:00,Space Shuttle Atlantis,18420000,True,STS-46,sts,2,0.9057820322686173,0.020463996926628213,sts / æs / gstar sbs
"Insat-2A, Eutelsat 2F4",Arianespace,"ELA-2, Guiana Space Centre, French Guiana, France",1992-07-09,22:42:00,Ariane 44L,13050000,True,"Insat-2A, Eutelsat 2F4",insat a eutelsat f,6,-0.09617333695953584,-0.04013531783013335,crs / gsat / apollo
USA-82 (DSCS IIIB-12),General Dynamics,"SLC-36A, Cape Canaveral AFS, Florida, USA",1992-07-02,21:54:00,Atlas II,2220000,True,USA-82 (DSCS IIIB-12),usa dscs iiib,6,-0.09182033892101624,-0.0380868501599261,crs / gsat / apollo
STS-50,NASA,"LC-39A, Kennedy Space Center, Florida, USA",1992-06-25,16:12:00,Space Shuttle Columbia,11420000,True,STS-50,sts,2,0.9057820322686173,0.020463996926628213,sts / æs / gstar sbs
Intelsat K,General Dynamics,"SLC-36B, Cape Canaveral AFS, Florida, USA",1992-06-10,0:00:00,Atlas IIA,4330000,True,Intelsat K,intelsat k,3,-0.15978120851655936,0.9414709268839893,intelsat / intelsat intelsat / æs
STS-49,NASA,"LC-39B, Kennedy Space Center, Florida, USA",1992-05-07,23:40:00,Space Shuttle Endeavour,23030000,True,STS-49,sts,2,0.9057820322686173,0.020463996926628213,sts / æs / gstar sbs
USA-81,Martin Marietta,"SLC-4W, Vandenberg AFB, California, USA",1992-04-25,8:53:00,Titan II(23)G,21390000,True,USA-81,usa,6,-0.0932912584192135,-0.041048729114020445,crs / gsat / apollo
"Telecom 2B, Inmarsat-2F4",Arianespace,"ELA-2, Guiana Space Centre, French Guiana, France",1992-04-15,23:25:00,Ariane 44L,5060000,True,"Telecom 2B, Inmarsat-2F4",telecom b inmarsat f,6,-0.09161981310814686,-0.03676649958513118,crs / gsat / apollo
STS-45,NASA,"LC-39A, Kennedy Space Center, Florida, USA",1992-03-24,13:13:00,Space Shuttle Atlantis,9210000,True,STS-45,sts,2,0.9057820322686173,0.020463996926628213,sts / æs / gstar sbs
Galaxy 5,General Dynamics,"SLC-36B, Cape Canaveral AFS, Florida, USA",1992-03-14,0:00:00,Atlas I,4990000,True,Galaxy 5,galaxy,6,-0.09469604542663598,-0.040012325253783065,crs / gsat / apollo
"Superbird-B1, Arabsat-1C",Arianespace,"ELA-2, Guiana Space Centre, French Guiana, France",1992-02-26,23:58:00,Ariane 44L,3780000,True,"Superbird-B1, Arabsat-1C",superbirdb arabsat c,6,-0.08959849491181882,-0.03480043741016336,crs / gsat / apollo
USA-78 (DSCS IIIB-14),General Dynamics,"SLC-36A, Cape Canaveral AFS, Florida, USA",1992-02-11,0:41:00,Atlas II,19990000,True,USA-78 (DSCS IIIB-14),usa dscs iiib,6,-0.09182033892101624,-0.0380868501599261,crs / gsat / apollo
STS-42,NASA,"LC-39A, Kennedy Space Center, Florida, USA",1992-01-22,14:52:00,Space Shuttle Discovery,2260000,True,STS-42,sts,2,0.9057820322686173,0.020463996926628213,sts / æs / gstar sbs
"Telecom 2A, Inmarsat 2F3",Arianespace,"ELA-2, Guiana Space Centre, French Guiana, France",1991-12-16,22:19:00,Ariane 44L,23950000,True,"Telecom 2A, Inmarsat 2F3",telecom a inmarsat f,6,-0.09161981310814686,-0.03676649958513118,crs / gsat / apollo
Eutelsat 2F3,General Dynamics,"SLC-36B, Cape Canaveral AFS, Florida, USA",1991-12-07,22:47:00,Atlas II,4320000,True,Eutelsat 2F3,eutelsat f,6,-0.0972354162813649,-0.03995890103866727,crs / gsat / apollo
DMSP F-11,General Dynamics,"SLC-3W, Vandenberg AFB, California, USA",1991-11-28,13:23:00,Atlas-E/F Star-37S-ISS,7780000,True,DMSP F-11,dmsp f,6,-0.09279730166398203,-0.03800800506009246,crs / gsat / apollo
STS-44,NASA,"LC-39A, Kennedy Space Center, Florida, USA",1991-11-24,23:44:00,Space Shuttle Atlantis,20630000,True,STS-44,sts,2,0.9057820322686173,0.020463996926628213,sts / æs / gstar sbs
SLDCOM & NOSS 3x,Martin Marietta,"SLC-4E, Vandenberg AFB, California, USA",1991-11-08,7:07:00,Titan IV(403)A,17340000,True,SLDCOM & NOSS 3x,sldcom noss x,6,-0.09252398703828063,-0.03786257725516241,crs / gsat / apollo
Intelsat 6AF1,Arianespace,"ELA-2, Guiana Space Centre, French Guiana, France",1991-10-29,23:08:00,Ariane 44L,3760000,True,Intelsat 6AF1,intelsat af,6,-0.11706137885031542,0.3566966976876001,crs / gsat / apollo
Anik E1,Arianespace,"ELA-2, Guiana Space Centre, French Guiana, France",1991-09-26,23:43:00,Ariane 44P,8880000,True,Anik E1,anik e,6,-0.08968324283474513,-0.03486987867241448,crs / gsat / apollo
STS-48,NASA,"LC-39A, Kennedy Space Center, Florida, USA",1991-09-12,23:11:00,Space Shuttle Discovery,16910000,True,STS-48,sts,2,0.9057820322686173,0.020463996926628213,sts / æs / gstar sbs
Intelsat 605,Arianespace,"ELA-2, Guiana Space Centre, French Guiana, France",1991-08-14,23:15:00,Ariane 44L,3610000,True,Intelsat 605,intelsat,3,-0.15978120851655936,0.9414709268839893,intelsat / intelsat intelsat / æs
STS-43,NASA,"LC-39A, Kennedy Space Center, Florida, USA",1991-08-02,15:02:00,Space Shuttle Atlantis,10120000,True,STS-43,sts,2,0.9057820322686173,0.020463996926628213,sts / æs / gstar sbs
7 Microsats,Northrop,"NB-52B Carrier, Edwards AFB, California, USA",1991-07-21,17:33:00,Pegasus/HAPS,23810000,False,7 Microsats,microsats,6,-0.0874814903464693,-0.032836510366999305,crs / gsat / apollo
"ERS-1, Oscar 22, Orbcomm-X, Tubsat-A, SARA",Arianespace,"ELA-2, Guiana Space Centre, French Guiana, France",1991-07-17,1:46:00,Ariane 40,4410000,True,"ERS-1, Oscar 22, Orbcomm-X, Tubsat-A, SARA",ers oscar orbcommx tubsata sara,6,-0.08821643831955014,-0.03351078410696321,crs / gsat / apollo
STS-40,NASA,"LC-39B, Kennedy Space Center, Florida, USA",1991-06-05,13:24:00,Space Shuttle Columbia,3540000,True,STS-40,sts,2,0.9057820322686173,0.020463996926628213,sts / æs / gstar sbs
NOAA-D,General Dynamics,"SLC-3W, Vandenberg AFB, California, USA",1991-05-14,15:52:00,Atlas-E/F Star-37S-ISS,16670000,True,NOAA-D,noaad,6,-0.0874814903464703,-0.03283651036668823,crs / gsat / apollo
STS-39,NASA,"LC-39A, Kennedy Space Center, Florida, USA",1991-04-28,11:33:00,Space Shuttle Discovery,16580000,True,STS-39,sts,2,0.9057820322686173,0.020463996926628213,sts / æs / gstar sbs
Yuri 3H,General Dynamics,"SLC-36B, Cape Canaveral AFS, Florida, USA",1991-04-18,23:30:00,Atlas I,7190000,False,Yuri 3H,yuri h,6,-0.08792202253453375,-0.033247067242636034,crs / gsat / apollo
STS-37,NASA,"LC-39B, Kennedy Space Center, Florida, USA",1991-04-05,14:22:00,Space Shuttle Atlantis,10780000,True,STS-37,sts,2,0.9057820322686173,0.020463996926628213,sts / æs / gstar sbs
Anik E2,Arianespace,"ELA-2, Guiana Space Centre, French Guiana, France",1991-04-04,23:33:00,Ariane 44P,11840000,True,Anik E2,anik e,6,-0.08968324283474513,-0.03486987867241448,crs / gsat / apollo
Lacrosse,Martin Marietta,"SLC-4E, Vandenberg AFB, California, USA",1991-03-08,12:03:00,Titan IV(403)A,18340000,True,Lacrosse,lacrosse,6,-0.08748149034647193,-0.032836510366268015,crs / gsat / apollo
"Astra 1B, Meteosat 5",Arianespace,"ELA-2, Guiana Space Centre, French Guiana, France",1991-03-02,23:36:00,Ariane 44LP,11160000,True,"Astra 1B, Meteosat 5",astra b meteosat,6,-0.09108626203535909,-0.03629787077246356,crs / gsat / apollo
"Italsat-1, Eutelsat 2F2",Arianespace,"ELA-2, Guiana Space Centre, French Guiana, France",1991-01-15,23:10:00,Ariane 44L,9460000,True,"Italsat-1, Eutelsat 2F2",italsat eutelsat f,6,-0.09213959452397358,-0.03634239742671133,crs / gsat / apollo
STS-35,NASA,"LC-39B, Kennedy Space Center, Florida, USA",1990-12-02,6:49:00,Space Shuttle Columbia,22040000,True,STS-35,sts,2,0.9057820322686173,0.020463996926628213,sts / æs / gstar sbs
DMSP F-10,General Dynamics,"SLC-3W, Vandenberg AFB, California, USA",1990-12-01,15:57:00,Atlas-E/F Star-37S-ISS,10600000,True,DMSP F-10,dmsp f,6,-0.09279730166398203,-0.03800800506009246,crs / gsat / apollo
"Satcom C1, GStar-4",Arianespace,"ELA-2, Guiana Space Centre, French Guiana, France",1990-11-20,23:11:00,Ariane 42P,15120000,True,"Satcom C1, GStar-4",satcom c gstar,6,-0.08837218772093933,-0.03364972733526095,crs / gsat / apollo
STS-38,NASA,"LC-39A, Kennedy Space Center, Florida, USA",1990-11-15,23:48:00,Space Shuttle Atlantis,22680000,True,STS-38,sts,2,0.9057820322686173,0.020463996926628213,sts / æs / gstar sbs
DSP,Martin Marietta,"SLC-41, Cape Canaveral AFS, Florida, USA",1990-11-13,0:37:00,Titan IV(402)A,16700000,True,DSP,dsp,0,-0.09911040817467,-0.04549508059932988,dsp / æs / gstar sbs
"SBS-6, Galaxy-6",Arianespace,"ELA-2, Guiana Space Centre, French Guiana, France",1990-10-12,22:58:00,Ariane 44L,21100000,True,"SBS-6, Galaxy-6",sbs galaxy,6,-0.09135633809730434,-0.036677923353554055,crs / gsat / apollo
STS-41,NASA,"LC-39B, Kennedy Space Center, Florida, USA",1990-10-06,11:47:00,Space Shuttle Discovery,21420000,True,STS-41,sts,2,0.9057820322686173,0.020463996926628213,sts / æs / gstar sbs
"Skynet 4C, Eutelsat 2F1",Arianespace,"ELA-2, Guiana Space Centre, French Guiana, France",1990-08-30,22:46:00,Ariane 44L,3650000,True,"Skynet 4C, Eutelsat 2F1",skynet c eutelsat f,6,-0.09384222091439777,-0.03789322941888393,crs / gsat / apollo
CRRES,General Dynamics,"SLC-36B, Cape Canaveral AFS, Florida, USA",1990-07-25,19:21:00,Atlas I,4670000,True,CRRES,crres,6,-0.08748149034646967,-0.032836510365894536,crs / gsat / apollo
"TDF-2, DFS-2",Arianespace,"ELA-2, Guiana Space Centre, French Guiana, France",1990-07-24,22:25:00,Ariane 44L,7660000,True,"TDF-2, DFS-2",tdf dfs,6,-0.08832215646659172,-0.03359103062520223,crs / gsat / apollo
Intelsat 604,Martin Marietta,"SLC-40, Cape Canaveral AFS, Florida, USA",1990-06-23,11:19:00,Commercial Titan III,13640000,True,Intelsat 604,intelsat,3,-0.15978120851655936,0.9414709268839893,intelsat / intelsat intelsat / æs
SLDCOM & NOSS 3x,Martin Marietta,"SLC-41, Cape Canaveral AFS, Florida, USA",1990-06-08,5:22:00,Titan IV(405)A,5470000,True,SLDCOM & NOSS 3x,sldcom noss x,6,-0.09252398703828063,-0.03786257725516241,crs / gsat / apollo
STS-31,NASA,"LC-39B, Kennedy Space Center, Florida, USA",1990-04-24,12:33:00,Space Shuttle Discovery,2330000,True,STS-31,sts,2,0.9057820322686173,0.020463996926628213,sts / æs / gstar sbs
Pegsat & NavySat,Northrop,"NB-52B Carrier, Edwards AFB, California, USA",1990-04-05,19:10:00,Pegasus,15870000,True,Pegsat & NavySat,pegsat navysat,6,-0.08748149034647035,-0.032836510366128724,crs / gsat / apollo
Intelsat 603,Martin Marietta,"SLC-40, Cape Canaveral AFS, Florida, USA",1990-03-14,11:52:00,Commercial Titan III,8420000,False,Intelsat 603,intelsat,3,-0.15978120851655936,0.9414709268839893,intelsat / intelsat intelsat / æs
STS-36,NASA,"LC-39A, Kennedy Space Center, Florida, USA",1990-02-28,7:50:00,Space Shuttle Atlantis,10460000,True,STS-36,sts,2,0.9057820322686173,0.020463996926628213,sts / æs / gstar sbs
"Superbird-B, BS-2X",Arianespace,"ELA-2, Guiana Space Centre, French Guiana, France",1990-02-22,23:17:00,Ariane 44L,7050000,False,"Superbird-B, BS-2X",superbirdb bs x,6,-0.08787610572701675,-0.033179452534110164,crs / gsat / apollo
"SPOT-2, Oscar 14-19",Arianespace,"ELA-2, Guiana Space Centre, French Guiana, France",1990-01-22,1:35:00,Ariane 40,21160000,True,"SPOT-2, Oscar 14-19",spot oscar,6,-0.08968455239354767,-0.03487533087366559,crs / gsat / apollo
STS-32,NASA,"LC-39A, Kennedy Space Center, Florida, USA",1990-01-09,12:35:00,Space Shuttle Columbia,19220000,True,STS-32,sts,2,0.9057820322686173,0.020463996926628213,sts / æs / gstar sbs
Skynet 4A & JCSAT-2,Martin Marietta,"SLC-40, Cape Canaveral AFS, Florida, USA",1990-01-01,0:07:00,Commercial Titan III,8070000,True,Skynet 4A & JCSAT-2,skynet a jcsat,6,-0.09274465949877057,-0.03790466244789909,crs / gsat / apollo
STS-33R,NASA,"LC-39B, Kennedy Space Center, Florida, USA",1989-11-23,0:23:00,Space Shuttle Discovery,7540000,True,STS-33R,sts r,2,0.9057820322686173,0.020463996926628213,sts / æs / gstar sbs
Intelsat 6AF2,Arianespace,"ELA-2, Guiana Space Centre, French Guiana, France",1989-10-27,23:05:00,Ariane 44L,5150000,True,Intelsat 6AF2,intelsat af,6,-0.11706137885031542,0.3566966976876001,crs / gsat / apollo
STS-34R,NASA,"LC-39B, Kennedy Space Center, Florida, USA",1989-10-18,16:53:00,Space Shuttle Atlantis,17100000,True,STS-34R,sts r,2,0.9057820322686173,0.020463996926628213,sts / æs / gstar sbs
FLTSATCOM-8,General Dynamics,"SLC-36B, Cape Canaveral AFS, Florida, USA",1989-09-25,8:56:00,Atlas-G Centaur-D1AR,8170000,True,FLTSATCOM-8,fltsatcom,6,-0.09279729729297871,-0.038010604827693306,crs / gsat / apollo
USA-45,Martin Marietta,"SLC-4W, Vandenberg AFB, California, USA",1989-09-06,1:48:00,Titan II(23)G,9560000,True,USA-45,usa,6,-0.0932912584192135,-0.041048729114020445,crs / gsat / apollo
DSCS-II-16 & DSCS-III-A2,Martin Marietta,"SLC-40, Cape Canaveral AFS, Florida, USA",1989-09-04,5:54:00,Titan 34D,19020000,True,DSCS-II-16 & DSCS-III-A2,dscsii dscsiiia,6,-0.09091867018531072,-0.036157121212366895,crs / gsat / apollo
"TVSAT-2, Hipparcos",Arianespace,"ELA-2, Guiana Space Centre, French Guiana, France",1989-08-08,23:25:00,Ariane 44LP,24230000,True,"TVSAT-2, Hipparcos",tvsat hipparcos,6,-0.08788140130684503,-0.03319530746227905,crs / gsat / apollo
STS-28R,NASA,"LC-39B, Kennedy Space Center, Florida, USA",1989-08-08,12:37:00,Space Shuttle Columbia,10410000,True,STS-28R,sts r,2,0.9057820322686173,0.020463996926628213,sts / æs / gstar sbs
Olympus-1,Arianespace,"ELA-1, Guiana Space Centre, French Guiana, France",1989-07-12,0:14:00,Ariane 3,18950000,True,Olympus-1,olympus,6,-0.08748149034647032,-0.0328365103667624,crs / gsat / apollo
DSP,Martin Marietta,"SLC-41, Cape Canaveral AFS, Florida, USA",1989-06-14,13:18:00,Titan IV(402)A,17000000,True,DSP,dsp,0,-0.09911040817467,-0.04549508059932988,dsp / æs / gstar sbs
"Superbird-A, DFS-1",Arianespace,"ELA-2, Guiana Space Centre, French Guiana, France",1989-06-05,22:37:00,Ariane 44L,5920000,True,"Superbird-A, DFS-1",superbirda dfs,6,-0.087906478270516,-0.03321921377525665,crs / gsat / apollo
SROSS C,ISRO,"SLV LP, Satish Dhawan Space Centre, India",1989-05-22,1:40:00,ASLV,18450000,False,SROSS C,sross c,6,-0.08820329682002231,-0.033487424650094744,crs / gsat / apollo
USA-37 (Vortex),Martin Marietta,"SLC-40, Cape Canaveral AFS, Florida, USA",1989-05-10,19:47:00,Titan 34D,22300000,True,USA-37 (Vortex),usa vortex,6,-0.0921815782661128,-0.03873843088026571,crs / gsat / apollo
STS-30R,NASA,"LC-39B, Kennedy Space Center, Florida, USA",1989-05-04,18:46:00,Space Shuttle Atlantis,20520000,True,STS-30R,sts r,2,0.9057820322686173,0.020463996926628213,sts / æs / gstar sbs
TELE-X,Arianespace,"ELA-1, Guiana Space Centre, French Guiana, France",1989-04-02,2:28:00,Ariane 2,23880000,True,TELE-X,telex,6,-0.08748149034647032,-0.03283651036691031,crs / gsat / apollo
STS-29R,NASA,"LC-39B, Kennedy Space Center, Florida, USA",1989-03-13,14:57:00,Space Shuttle Discovery,17860000,True,STS-29R,sts r,2,0.9057820322686173,0.020463996926628213,sts / æs / gstar sbs
JCSAT-1 & Meteosat 4,Arianespace,"ELA-2, Guiana Space Centre, French Guiana, France",1989-03-06,23:29:00,Ariane 44LP,20110000,True,JCSAT-1 & Meteosat 4,jcsat meteosat,6,-0.09182941840949656,-0.037041781226732705,crs / gsat / apollo
Intelsat-5A 15,Arianespace,"ELA-1, Guiana Space Centre, French Guiana, France",1989-01-27,1:21:00,Ariane 2,20130000,True,Intelsat-5A 15,intelsat a,3,-0.15978120851655936,0.9414709268839893,intelsat / intelsat intelsat / æs
"Skynet 4B, Astra 1A",Arianespace,"ELA-2, Guiana Space Centre, French Guiana, France",1988-12-11,0:33:00,Ariane 44LP,21850000,True,"Skynet 4B, Astra 1A",skynet b astra a,6,-0.09197940140889557,-0.03713857116750142,crs / gsat / apollo
STS-27R,NASA,"LC-39B, Kennedy Space Center, Florida, USA",1988-12-02,14:30:00,Space Shuttle Atlantis,15860000,True,STS-27R,sts r,2,0.9057820322686173,0.020463996926628213,sts / æs / gstar sbs
USA-33 (KH-11),Martin Marietta,"SLC-4E, Vandenberg AFB, California, USA",1988-11-06,18:03:00,Titan 34D,14770000,True,USA-33 (KH-11),usa kh,6,-0.10992450585649002,-0.09826761079409704,crs / gsat / apollo
TDF-1,Arianespace,"ELA-1, Guiana Space Centre, French Guiana, France",1988-10-28,2:17:00,Ariane 2,13380000,True,TDF-1,tdf,6,-0.08789617514911563,-0.03321111912022962,crs / gsat / apollo
STS-26R,NASA,"LC-39A, Kennedy Space Center, Florida, USA",1988-09-29,15:37:00,Space Shuttle Discovery,20320000,True,STS-26R,sts r,2,0.9057820322686173,0.020463996926628213,sts / æs / gstar sbs
NOAA-H,General Dynamics,"SLC-3W, Vandenberg AFB, California, USA",1988-09-24,10:02:00,Atlas-E/F Star-37S-ISS,2140000,True,NOAA-H,noaah,6,-0.08748149034647026,-0.03283651036509059,crs / gsat / apollo
"GStar 5, SBS 5",Arianespace,"ELA-2, Guiana Space Centre, French Guiana, France",1988-09-08,23:00:00,Ariane 3,14850000,True,"GStar 5, SBS 5",gstar sbs,6,-0.08838347042739547,-0.03366859902547723,crs / gsat / apollo
USA-32,Martin Marietta,"SLC-4W, Vandenberg AFB, California, USA",1988-09-05,9:25:00,Titan II(23)G,15720000,True,USA-32,usa,6,-0.0932912584192135,-0.041048729114020445,crs / gsat / apollo
USA-31 (Vortex),Martin Marietta,"SLC-40, Cape Canaveral AFS, Florida, USA",1988-09-02,12:05:00,Titan 34D,9060000,False,USA-31 (Vortex),usa vortex,6,-0.0921815782661128,-0.03873843088026571,crs / gsat / apollo
SROSS-B,ISRO,"SLV LP, Satish Dhawan Space Centre, India",1988-07-31,9:18:00,ASLV,20930000,False,SROSS-B,srossb,6,-0.08748149034647006,-0.03283651036639808,crs / gsat / apollo
"Insat 1C, Eutelsat-1 F5",Arianespace,"ELA-1, Guiana Space Centre, French Guiana, France",1988-07-21,23:12:00,Ariane 3,10100000,True,"Insat 1C, Eutelsat-1 F5",insat c eutelsat f,6,-0.09617333695953584,-0.04013531783013335,crs / gsat / apollo
"Meteosat 3, Panamsat-1, Oscar 13",ESA,"ELA-2, Guiana Space Centre, French Guiana, France",1988-06-15,11:19:00,Ariane 44LP,15240000,True,"Meteosat 3, Panamsat-1, Oscar 13",meteosat panamsat oscar,6,-0.09068088407971217,-0.03584579912491094,crs / gsat / apollo
Intelsat 3AF13,Arianespace,"ELA-1, Guiana Space Centre, French Guiana, France",1988-05-17,23:58:00,Ariane 2,7190000,True,Intelsat 3AF13,intelsat af,6,-0.11706137885031542,0.3566966976876001,crs / gsat / apollo
"Spacenet 3R, Telecom 1C",Arianespace,"ELA-1, Guiana Space Centre, French Guiana, France",1988-03-11,23:28:00,Ariane 3,19000000,True,"Spacenet 3R, Telecom 1C",spacenet r telecom c,6,-0.08959543391974185,-0.0347996176030181,crs / gsat / apollo
DMSP 5D-2/F9,General Dynamics,"SLC-3W, Vandenberg AFB, California, USA",1988-02-03,5:53:00,Atlas-E/F Star-37S-ISS,14090000,True,DMSP 5D-2/F9,dmsp d f,6,-0.09279730166398203,-0.03800800506009246,crs / gsat / apollo
DSP-13,Martin Marietta,"SLC-40, Cape Canaveral AFS, Florida, USA",1987-11-29,3:27:00,Titan 34D,13080000,True,DSP-13,dsp,0,-0.09911040817467,-0.04549508059932988,dsp / æs / gstar sbs
TVSAT-1,Arianespace,"ELA-2, Guiana Space Centre, French Guiana, France",1987-11-21,2:19:00,Ariane 2,16910000,True,TVSAT-1,tvsat,6,-0.08788140130684503,-0.033195307462276745,crs / gsat / apollo
USA-27 (KH-11),Martin Marietta,"SLC-4E, Vandenberg AFB, California, USA",1987-10-26,21:32:00,Titan 34D,16030000,True,USA-27 (KH-11),usa kh,6,-0.10992450585649002,-0.09826761079409704,crs / gsat / apollo
"Aussat-A3, Eutelsat 1-F4",Arianespace,"ELA-1, Guiana Space Centre, French Guiana, France",1987-09-16,0:45:00,Ariane 3,6680000,True,"Aussat-A3, Eutelsat 1-F4",aussata eutelsat f,6,-0.09178004270937264,-0.036030655493124716,crs / gsat / apollo
DMSP 5D-2/F8,General Dynamics,"SLC-3W, Vandenberg AFB, California, USA",1987-06-20,2:34:00,Atlas-E/F Star-37S-ISS,13390000,True,DMSP 5D-2/F8,dmsp d f,6,-0.09279730166398203,-0.03800800506009246,crs / gsat / apollo
NOSS-9,General Dynamics,"SLC-3E, Vandenberg AFB, California, USA",1987-05-15,15:45:00,Atlas-H MSD,24320000,True,NOSS-9,noss,6,-0.09483761082710909,-0.04020590942821324,crs / gsat / apollo
FLTSATCOM-6,General Dynamics,"SLC-36B, Cape Canaveral AFS, Florida, USA",1987-03-26,21:22:00,Atlas-G Centaur-D1AR,3160000,False,FLTSATCOM-6,fltsatcom,6,-0.09279729729297871,-0.038010604827693306,crs / gsat / apollo
SROSS-A,ISRO,"SLV LP, Satish Dhawan Space Centre, India",1987-03-24,6:39:00,ASLV,7480000,False,SROSS-A,srossa,6,-0.08748149034647026,-0.03283651036594981,crs / gsat / apollo
Quasar 7,Martin Marietta,"SLC-4W, Vandenberg AFB, California, USA",1987-02-12,0:00:00,Titan III(34)B Agena-D,20470000,True,Quasar 7,quasar,6,-0.09199868461429678,-0.03717183514994858,crs / gsat / apollo
FLTSATCOM-7,General Dynamics,"SLC-36B, Cape Canaveral AFS, Florida, USA",1986-12-05,2:30:00,Atlas-G Centaur-D1AR,15120000,True,FLTSATCOM-7,fltsatcom,6,-0.09279729729297871,-0.038010604827693306,crs / gsat / apollo
NOAA-G,General Dynamics,"SLC-3W, Vandenberg AFB, California, USA",1986-09-17,15:52:00,Atlas-E/F Star-37S-ISS,9880000,True,NOAA-G,noaag,6,-0.08748149034646903,-0.032836510366990604,crs / gsat / apollo
Intelsat-5A 14,Arianespace,"ELA-1, Guiana Space Centre, French Guiana, France",1986-05-31,0:53:00,Ariane 2,14200000,False,Intelsat-5A 14,intelsat a,3,-0.15978120851655936,0.9414709268839893,intelsat / intelsat intelsat / æs
KH-9,Martin Marietta,"SLC-4E, Vandenberg AFB, California, USA",1986-04-18,18:45:00,Titan 34D,6780000,False,KH-9,kh,7,-0.12870767254712212,-0.16845484075880127,kh / gambit / kh gambit
"GStar-2, Brasilsat-A2",Arianespace,"ELA-2, Guiana Space Centre, French Guiana, France",1986-03-28,23:30:00,Ariane 3,12980000,True,"GStar-2, Brasilsat-A2",gstar brasilsata,6,-0.08837444342378406,-0.03365177173967915,crs / gsat / apollo
SPOT-1 & Viking,Arianespace,"ELV-1 (SLV), Guiana Space Centre, French Guiana, France",1986-02-22,1:44:00,Ariane 1,14980000,True,SPOT-1 & Viking,spot viking,6,-0.08963388910371464,-0.034814072636863286,crs / gsat / apollo
NOSS-8,General Dynamics,"SLC-3E, Vandenberg AFB, California, USA",1986-02-09,10:06:00,Atlas-H MSD,10020000,True,NOSS-8,noss,6,-0.09483761082710909,-0.04020590942821324,crs / gsat / apollo
STS-51-L,NASA,"LC-39A, Kennedy Space Center, Florida, USA",1986-01-28,16:38:00,Space Shuttle Challenger,16130000,False,STS-51-L,sts l,2,0.9057820322686173,0.020463996926628213,sts / æs / gstar sbs
STS-61-C,NASA,"LC-39A, Kennedy Space Center, Florida, USA",1986-01-12,11:55:00,Space Shuttle Columbia,7090000,True,STS-61-C,sts c,2,0.9057820322686173,0.020463996926628213,sts / æs / gstar sbs
STS-61-B,NASA,"LC-39A, Kennedy Space Center, Florida, USA",1985-11-27,0:29:00,Space Shuttle Atlantis,23140000,True,STS-61-B,sts b,2,0.9057820322686173,0.020463996926628213,sts / æs / gstar sbs
STS-61-A,NASA,"LC-39A, Kennedy Space Center, Florida, USA",1985-11-06,17:00:00,Space Shuttle Challenger,16950000,True,STS-61-A,sts a,2,0.9057820322686173,0.020463996926628213,sts / æs / gstar sbs
GPS-11,General Dynamics,"SLC-3W, Vandenberg AFB, California, USA",1985-10-09,2:53:00,Atlas-E/F SGS-2,3210000,True,GPS-11,gps,6,-0.09672819961272248,-0.04237027583139949,crs / gsat / apollo
STS-51-J,NASA,"LC-39A, Kennedy Space Center, Florida, USA",1985-10-03,15:15:00,Space Shuttle Atlantis,2750000,True,STS-51-J,sts j,2,0.9057820322686173,0.020463996926628213,sts / æs / gstar sbs
Intelsat V -512,General Dynamics,"SLC-36B, Cape Canaveral AFS, Florida, USA",1985-09-28,23:17:00,Atlas-G Centaur-D1AR,11470000,True,Intelsat V -512,intelsat v,3,-0.15978120851655936,0.9414709268839893,intelsat / intelsat intelsat / æs
"ECS 3, Spacenet 3",Arianespace,"ELA-1, Guiana Space Centre, French Guiana, France",1985-09-12,23:26:00,Ariane 3,6260000,False,"ECS 3, Spacenet 3",ecs spacenet,6,-0.08854554086755673,-0.03380496696400176,crs / gsat / apollo
KH-11,Martin Marietta,"SLC-4E, Vandenberg AFB, California, USA",1985-08-28,21:20:00,Titan 34D,16280000,False,KH-11,kh,7,-0.12870767254712212,-0.16845484075880127,kh / gambit / kh gambit
STS-51-I,NASA,"LC-39A, Kennedy Space Center, Florida, USA",1985-08-27,10:58:00,Space Shuttle Discovery,14500000,True,STS-51-I,sts i,2,0.9057820322686173,0.020463996926628213,sts / æs / gstar sbs
STS-51-F,NASA,"LC-39A, Kennedy Space Center, Florida, USA",1985-07-25,21:00:00,Space Shuttle Challenger,19430000,True,STS-51-F,sts f,2,0.9057820322686173,0.020463996926628213,sts / æs / gstar sbs
Giotto,Arianespace,"ELV-1 (SLV), Guiana Space Centre, French Guiana, France",1985-07-02,11:23:00,Ariane 1,13220000,True,Giotto,giotto,6,-0.08748149034647246,-0.03283651036715383,crs / gsat / apollo
Intelsat V -511,General Dynamics,"SLC-36A, Cape Canaveral AFS, Florida, USA",1985-06-30,0:44:00,Atlas-G Centaur-D1AR,7990000,True,Intelsat V -511,intelsat v,3,-0.15978120851655936,0.9414709268839893,intelsat / intelsat intelsat / æs
STS-51-G,NASA,"LC-39A, Kennedy Space Center, Florida, USA",1985-06-17,11:33:00,Space Shuttle Discovery,14850000,True,STS-51-G,sts g,2,0.9057820322686173,0.020463996926628213,sts / æs / gstar sbs
"GStar-1, Telecom 1B",Arianespace,"ELA-1, Guiana Space Centre, French Guiana, France",1985-05-08,1:15:00,Ariane 3,1730000,True,"GStar-1, Telecom 1B",gstar telecom b,6,-0.08941045528798523,-0.034630991938422936,crs / gsat / apollo
STS-51-B,NASA,"LC-39A, Kennedy Space Center, Florida, USA",1985-05-06,16:02:00,Space Shuttle Challenger,6070000,True,STS-51-B,sts b,2,0.9057820322686173,0.020463996926628213,sts / æs / gstar sbs
STS-51-D,NASA,"LC-39A, Kennedy Space Center, Florida, USA",1985-04-12,13:59:00,Space Shuttle Discovery,3300000,True,STS-51-D,sts d,2,0.9057820322686173,0.020463996926628213,sts / æs / gstar sbs
Intelsat V -510,General Dynamics,"SLC-36B, Cape Canaveral AFS, Florida, USA",1985-03-22,23:55:00,Atlas-G Centaur-D1AR,3450000,True,Intelsat V -510,intelsat v,3,-0.15978120851655936,0.9414709268839893,intelsat / intelsat intelsat / æs
Geosat,General Dynamics,"SLC-3W, Vandenberg AFB, California, USA",1985-03-13,2:00:00,Atlas-E/F OIS,23990000,True,Geosat,geosat,6,-0.08748149034647246,-0.032836510366048455,crs / gsat / apollo
Quasar 6,Martin Marietta,"SLC-4W, Vandenberg AFB, California, USA",1985-02-08,6:00:00,Titan III(34)B Agena-D,9310000,True,Quasar 6,quasar,6,-0.09199868461429678,-0.03717183514994858,crs / gsat / apollo
"Arabsat-1A, Brasilsat-A1",Arianespace,"ELA-1, Guiana Space Centre, French Guiana, France",1985-02-08,23:22:00,Ariane 3,3910000,True,"Arabsat-1A, Brasilsat-A1",arabsat a brasilsata,6,-0.08942462101254633,-0.034663789136273424,crs / gsat / apollo
STS-51-C,NASA,"LC-39A, Kennedy Space Center, Florida, USA",1985-01-24,19:50:00,Space Shuttle Discovery,7560000,True,STS-51-C,sts c,2,0.9057820322686173,0.020463996926628213,sts / æs / gstar sbs
DSP-12,Martin Marietta,"SLC-40, Cape Canaveral AFS, Florida, USA",1984-12-22,0:02:00,Titan 34D,10740000,True,DSP-12,dsp,0,-0.09911040817467,-0.04549508059932988,dsp / æs / gstar sbs
NOAA-F,General Dynamics,"SLC-3W, Vandenberg AFB, California, USA",1984-12-12,10:42:00,Atlas-E/F Star-37S-ISS,19730000,True,NOAA-F,noaaf,6,-0.08748149034646986,-0.03283651036682196,crs / gsat / apollo
USA-6 (KH-11),Martin Marietta,"SLC-4E, Vandenberg AFB, California, USA",1984-12-04,18:03:00,Titan 34D,7540000,True,USA-6 (KH-11),usa kh,6,-0.10992450585649002,-0.09826761079409704,crs / gsat / apollo
"Spacenet 2, MARECS-2",Arianespace,"ELA-1, Guiana Space Centre, French Guiana, France",1984-11-10,1:14:00,Ariane 3,8640000,True,"Spacenet 2, MARECS-2",spacenet marecs,6,-0.08828761199823312,-0.033571600112879386,crs / gsat / apollo
STS-51-A,NASA,"LC-39A, Kennedy Space Center, Florida, USA",1984-11-08,12:15:00,Space Shuttle Discovery,1540000,True,STS-51-A,sts a,2,0.9057820322686173,0.020463996926628213,sts / æs / gstar sbs
STS-41-G,NASA,"LC-39A, Kennedy Space Center, Florida, USA",1984-10-05,11:03:00,Space Shuttle Challenger,15330000,True,STS-41-G,sts g,2,0.9057820322686173,0.020463996926628213,sts / æs / gstar sbs
GPS-10,General Dynamics,"SLC-3W, Vandenberg AFB, California, USA",1984-09-08,21:41:00,Atlas-E/F SGS-2,7030000,True,GPS-10,gps,6,-0.09672819961272248,-0.04237027583139949,crs / gsat / apollo
STS-41-D,NASA,"LC-39A, Kennedy Space Center, Florida, USA",1984-08-30,12:41:00,Space Shuttle Discovery,9080000,True,STS-41-D,sts d,2,0.9057820322686173,0.020463996926628213,sts / æs / gstar sbs
Quasar 5,Martin Marietta,"SLC-4W, Vandenberg AFB, California, USA",1984-08-28,0:00:00,Titan III(34)B Agena-D,9080000,True,Quasar 5,quasar,6,-0.09199868461429678,-0.03717183514994858,crs / gsat / apollo
"Eutelsat-1 F2, Telecom 1A",Arianespace,"ELA-1, Guiana Space Centre, French Guiana, France",1984-08-04,13:32:00,Ariane 3,2020000,True,"Eutelsat-1 F2, Telecom 1A",eutelsat f telecom a,6,-0.0934417212622677,-0.03752161705852547,crs / gsat / apollo
USA-2 (KH-9),Martin Marietta,"SLC-4E, Vandenberg AFB, California, USA",1984-06-25,18:47:00,Titan 34D,23910000,True,USA-2 (KH-9),usa kh,6,-0.10992450585649002,-0.09826761079409704,crs / gsat / apollo
GPS-9,General Dynamics,"SLC-3W, Vandenberg AFB, California, USA",1984-06-13,11:37:00,Atlas-E/F SGS-2,5650000,True,GPS-9,gps,6,-0.09672819961272248,-0.04237027583139949,crs / gsat / apollo
Intelsat V -509,General Dynamics,"SLC-36B, Cape Canaveral AFS, Florida, USA",1984-06-09,23:03:00,Atlas-G Centaur-D1AR,10040000,False,Intelsat V -509,intelsat v,3,-0.15978120851655936,0.9414709268839893,intelsat / intelsat intelsat / æs
Spacenet F1,Arianespace,"ELV-1 (SLV), Guiana Space Centre, French Guiana, France",1984-05-23,1:33:00,Ariane 1,11510000,True,Spacenet F1,spacenet f,6,-0.08866495927296769,-0.03391480963218192,crs / gsat / apollo
DSP-11,Martin Marietta,"SLC-40, Cape Canaveral AFS, Florida, USA",1984-04-14,16:52:00,Titan 34D,18440000,True,DSP-11,dsp,0,-0.09911040817467,-0.04549508059932988,dsp / æs / gstar sbs
STS-41-C,NASA,"LC-39A, Kennedy Space Center, Florida, USA",1984-04-06,13:58:00,Space Shuttle Challenger,2370000,True,STS-41-C,sts c,2,0.9057820322686173,0.020463996926628213,sts / æs / gstar sbs
Intelsat 508,ESA,"ELV-1 (SLV), Guiana Space Centre, French Guiana, France",1984-03-05,0:50:00,Ariane 1,14360000,True,Intelsat 508,intelsat,3,-0.15978120851655936,0.9414709268839893,intelsat / intelsat intelsat / æs
NOSS-7,General Dynamics,"SLC-3E, Vandenberg AFB, California, USA",1984-02-05,18:44:00,Atlas-H MSD,14590000,True,NOSS-7,noss,6,-0.09483761082710909,-0.04020590942821324,crs / gsat / apollo
STS-41-B,NASA,"LC-39A, Kennedy Space Center, Florida, USA",1984-02-03,13:00:00,Space Shuttle Challenger,14620000,True,STS-41-B,sts b,2,0.9057820322686173,0.020463996926628213,sts / æs / gstar sbs
OPS-0441 (Vortex),Martin Marietta,"SLC-40, Cape Canaveral AFS, Florida, USA",1984-01-31,3:08:00,Titan 34D,13460000,True,OPS-0441 (Vortex),ops vortex,6,-0.09267348848252294,-0.038194525111252306,crs / gsat / apollo
STS-9,NASA,"LC-39A, Kennedy Space Center, Florida, USA",1983-11-28,16:00:00,Space Shuttle Columbia,4290000,True,STS-9,sts,2,0.9057820322686173,0.020463996926628213,sts / æs / gstar sbs
DMSP 5D-2/F7,General Dynamics,"SLC-3W, Vandenberg AFB, California, USA",1983-11-18,6:32:00,Atlas-E/F Star-37S-ISS,11740000,True,DMSP 5D-2/F7,dmsp d f,6,-0.09279730166398203,-0.03800800506009246,crs / gsat / apollo
Intelsat 507,ESA,"ELV-1 (SLV), Guiana Space Centre, French Guiana, France",1983-10-19,0:45:00,Ariane 1,20540000,True,Intelsat 507,intelsat,3,-0.15978120851655936,0.9414709268839893,intelsat / intelsat intelsat / æs
STS-8,NASA,"LC-39A, Kennedy Space Center, Florida, USA",1983-09-05,7:40:00,Space Shuttle Challenger,15330000,True,STS-8,sts,2,0.9057820322686173,0.020463996926628213,sts / æs / gstar sbs
Jumpseat 7,Martin Marietta,"SLC-4W, Vandenberg AFB, California, USA",1983-07-31,15:41:00,Titan III(34)B Agena-D,11000000,True,Jumpseat 7,jumpseat,6,-0.0919986823023331,-0.03717166376694101,crs / gsat / apollo
GPS-8,General Dynamics,"SLC-3W, Vandenberg AFB, California, USA",1983-07-14,10:21:00,Atlas-E/F SGS-2,2330000,True,GPS-8,gps,6,-0.09672819961272248,-0.04237027583139949,crs / gsat / apollo
OPS-0721 (KH-9),Martin Marietta,"SLC-4E, Vandenberg AFB, California, USA",1983-06-20,18:45:00,Titan 34D,8130000,True,OPS-0721 (KH-9),ops kh,6,-0.10713563001839779,-0.09041780503231345,crs / gsat / apollo
STS-7,NASA,"LC-39A, Kennedy Space Center, Florida, USA",1983-06-18,11:33:00,Space Shuttle Challenger,10380000,True,STS-7,sts,2,0.9057820322686173,0.020463996926628213,sts / æs / gstar sbs
ECS 1 & Oscar-10,ESA,"ELV-1 (SLV), Guiana Space Centre, French Guiana, France",1983-06-16,11:59:00,Ariane 1,14530000,True,ECS 1 & Oscar-10,ecs oscar,6,-0.08855662218773827,-0.03383012908665108,crs / gsat / apollo
NOSS-6,General Dynamics,"SLC-3E, Vandenberg AFB, California, USA",1983-06-09,23:23:00,Atlas-H MSD,14430000,True,NOSS-6,noss,6,-0.09483761082710909,-0.04020590942821324,crs / gsat / apollo
Intelsat V -506,General Dynamics,"SLC-36A, Cape Canaveral AFS, Florida, USA",1983-05-19,22:26:00,Atlas-SLV3D Centaur-D1AR,8310000,True,Intelsat V -506,intelsat v,3,-0.15978120851655936,0.9414709268839893,intelsat / intelsat intelsat / æs
Rohini RS-D2,ISRO,"SLV LP, Satish Dhawan Space Centre, India",1983-04-17,5:44:00,SLV-3,3140000,True,Rohini RS-D2,rohini rsd,6,-0.08857379405794688,-0.033824367906580735,crs / gsat / apollo
STS-6,NASA,"LC-39A, Kennedy Space Center, Florida, USA",1983-04-04,18:30:00,Space Shuttle Challenger,3580000,True,STS-6,sts,2,0.9057820322686173,0.020463996926628213,sts / æs / gstar sbs
NOAA-E,General Dynamics,"SLC-3W, Vandenberg AFB, California, USA",1983-03-28,15:52:00,Atlas-E/F Star-37S-ISS,1110000,True,NOAA-E,noaae,6,-0.0874814903464719,-0.032836510366104674,crs / gsat / apollo
NOSS-5,General Dynamics,"SLC-3E, Vandenberg AFB, California, USA",1983-02-09,13:47:00,Atlas-H MSD,22980000,True,NOSS-5,noss,6,-0.09483761082710909,-0.04020590942821324,crs / gsat / apollo
DMSP 5D-2/F6,General Dynamics,"SLC-3W, Vandenberg AFB, California, USA",1982-12-21,2:38:00,Atlas-E/F Star-37S-ISS,9610000,True,DMSP 5D-2/F6,dmsp d f,6,-0.09279730166398203,-0.03800800506009246,crs / gsat / apollo
KH-11,Martin Marietta,"SLC-4E, Vandenberg AFB, California, USA",1982-11-17,21:22:00,Titan IIID,20520000,True,KH-11,kh,7,-0.12870767254712212,-0.16845484075880127,kh / gambit / kh gambit
STS-5,NASA,"LC-39A, Kennedy Space Center, Florida, USA",1982-11-11,12:19:00,Space Shuttle Columbia,19590000,True,STS-5,sts,2,0.9057820322686173,0.020463996926628213,sts / æs / gstar sbs
DSCS-II-15 + DSCS-III-A1,Martin Marietta,"SLC-40, Cape Canaveral AFS, Florida, USA",1982-10-30,1:00:00,Titan 34D,7430000,True,DSCS-II-15 + DSCS-III-A1,dscsii dscsiiia,6,-0.09091867018531072,-0.036157121212366895,crs / gsat / apollo
Intelsat V -505,General Dynamics,"SLC-36B, Cape Canaveral AFS, Florida, USA",1982-09-28,23:17:00,Atlas-SLV3D Centaur-D1AR,10530000,True,Intelsat V -505,intelsat v,3,-0.15978120851655936,0.9414709268839893,intelsat / intelsat intelsat / æs
MARCES-B & Sirio-2,ESA,"ELV-1 (SLV), Guiana Space Centre, French Guiana, France",1982-09-09,2:12:00,Ariane 1,18860000,False,MARCES-B & Sirio-2,marcesb sirio,6,-0.08748149034647064,-0.03283651036564086,crs / gsat / apollo
STS-4,NASA,"LC-39A, Kennedy Space Center, Florida, USA",1982-06-27,16:09:00,Space Shuttle Columbia,5970000,True,STS-4,sts,2,0.9057820322686173,0.020463996926628213,sts / æs / gstar sbs
KH-9 & SSF-D-4,Martin Marietta,"SLC-4E, Vandenberg AFB, California, USA",1982-05-11,18:45:00,Titan IIID,13550000,True,KH-9 & SSF-D-4,kh ssfd,6,-0.10614384562515193,-0.09158629413609062,crs / gsat / apollo
STS-3,NASA,"LC-39A, Kennedy Space Center, Florida, USA",1982-03-22,16:00:00,Space Shuttle Columbia,11020000,True,STS-3,sts,2,0.9057820322686173,0.020463996926628213,sts / æs / gstar sbs
DSP-10,Martin Marietta,"SLC-40, Cape Canaveral AFS, Florida, USA",1982-03-06,19:25:00,Titan III(23)C,18230000,True,DSP-10,dsp,0,-0.09911040817467,-0.04549508059932988,dsp / æs / gstar sbs
Intelsat V -504,General Dynamics,"SLC-36A, Cape Canaveral AFS, Florida, USA",1982-03-05,0:23:00,Atlas-SLV3D Centaur-D1AR,15600000,True,Intelsat V -504,intelsat v,3,-0.15978120851655936,0.9414709268839893,intelsat / intelsat intelsat / æs
MARCES-1 & CAT-4,ESA,"ELV-1 (SLV), Guiana Space Centre, French Guiana, France",1981-12-20,1:29:00,Ariane 1,1920000,True,MARCES-1 & CAT-4,marces cat,6,-0.08863854943225938,-0.03389878010622984,crs / gsat / apollo
GPS-7,General Dynamics,"SLC-3E, Vandenberg AFB, California, USA",1981-12-19,1:10:00,Atlas-E/F SGS-1,7270000,False,GPS-7,gps,6,-0.09672819961272248,-0.04237027583139949,crs / gsat / apollo
Intelsat V -503,General Dynamics,"SLC-36B, Cape Canaveral AFS, Florida, USA",1981-12-15,23:35:00,Atlas-SLV3D Centaur-D1AR,15120000,True,Intelsat V -503,intelsat v,3,-0.15978120851655936,0.9414709268839893,intelsat / intelsat intelsat / æs
STS-2,NASA,"LC-39A, Kennedy Space Center, Florida, USA",1981-11-12,15:09:00,Space Shuttle Columbia,2550000,True,STS-2,sts,2,0.9057820322686173,0.020463996926628213,sts / æs / gstar sbs
OPS-4029 (Vortex),Martin Marietta,"SLC-40, Cape Canaveral AFS, Florida, USA",1981-10-31,9:22:00,Titan III(23)C,14990000,True,OPS-4029 (Vortex),ops vortex,6,-0.09267348848252294,-0.038194525111252306,crs / gsat / apollo
KH-11,Martin Marietta,"SLC-4E, Vandenberg AFB, California, USA",1981-09-03,18:29:00,Titan IIID,14100000,True,KH-11,kh,7,-0.12870767254712212,-0.16845484075880127,kh / gambit / kh gambit
FLTSATCOM-5,General Dynamics,"SLC-36A, Cape Canaveral AFS, Florida, USA",1981-08-06,8:16:00,Atlas-SLV3D Centaur-D1AR,21630000,False,FLTSATCOM-5,fltsatcom,6,-0.09279729729297871,-0.038010604827693306,crs / gsat / apollo
NOAA-C,General Dynamics,"SLC-3W, Vandenberg AFB, California, USA",1981-06-23,10:52:00,Atlas-E/F Star-37S-ISS,9380000,True,NOAA-C,noaac,6,-0.08748149034646659,-0.032836510365977054,crs / gsat / apollo
CAT-3 & Others,ESA,"ELV-1 (SLV), Guiana Space Centre, French Guiana, France",1981-06-19,12:33:00,Ariane 1,3200000,True,CAT-3 & Others,cat others,6,-0.0893261989464191,-0.03452638450584385,crs / gsat / apollo
Rohini RS-D1,ISRO,"SLV LP, Satish Dhawan Space Centre, India",1981-05-31,5:00:00,SLV-3,18840000,False,Rohini RS-D1,rohini rsd,6,-0.08857379405794688,-0.033824367906580735,crs / gsat / apollo
Intelsat V -501,General Dynamics,"SLC-36B, Cape Canaveral AFS, Florida, USA",1981-05-23,22:42:00,Atlas-SLV3D Centaur-D1AR,14800000,True,Intelsat V -501,intelsat v,3,-0.15978120851655936,0.9414709268839893,intelsat / intelsat intelsat / æs
Jumpseat 6,Martin Marietta,"SLC-4W, Vandenberg AFB, California, USA",1981-04-24,21:32:00,Titan III(34)B Agena-D,23750000,True,Jumpseat 6,jumpseat,6,-0.0919986823023331,-0.03717166376694101,crs / gsat / apollo
STS-1,NASA,"LC-39A, Kennedy Space Center, Florida, USA",1981-04-12,12:00:00,Space Shuttle Columbia,20600000,True,STS-1,sts,2,0.9057820322686173,0.020463996926628213,sts / æs / gstar sbs
DSP-9,Martin Marietta,"SLC-40, Cape Canaveral AFS, Florida, USA",1981-03-16,13:30:00,Titan III(23)C,15590000,True,DSP-9,dsp,0,-0.09911040817467,-0.04549508059932988,dsp / æs / gstar sbs
Comstar D4,General Dynamics,"SLC-36A, Cape Canaveral AFS, Florida, USA",1981-02-21,23:23:00,Atlas-SLV3D Centaur-D1AR,9340000,True,Comstar D4,comstar d,6,-0.08968324286267405,-0.03486988067018066,crs / gsat / apollo
Quasar 4,Martin Marietta,"SLC-4W, Vandenberg AFB, California, USA",1980-12-13,18:00:00,Titan III(34)B Agena-D,10700000,True,Quasar 4,quasar,6,-0.09199868461429678,-0.03717183514994858,crs / gsat / apollo
NOSS-4,General Dynamics,"SLC-3W, Vandenberg AFB, California, USA",1980-12-09,7:18:00,Atlas-E/F MSD,10850000,False,NOSS-4,noss,6,-0.09483761082710909,-0.04020590942821324,crs / gsat / apollo
Intelsat V -502,General Dynamics,"SLC-36B, Cape Canaveral AFS, Florida, USA",1980-12-06,23:31:00,Atlas-SLV3D Centaur-D1AR,8150000,True,Intelsat V -502,intelsat v,3,-0.15978120851655936,0.9414709268839893,intelsat / intelsat intelsat / æs
FLTSATCOM-4,General Dynamics,"SLC-36A, Cape Canaveral AFS, Florida, USA",1980-10-31,3:54:00,Atlas-SLV3D Centaur-D1AR,10800000,True,FLTSATCOM-4,fltsatcom,6,-0.09279729729297871,-0.038010604827693306,crs / gsat / apollo
Rohini RS-1,ISRO,"SLV LP, Satish Dhawan Space Centre, India",1980-07-18,2:33:00,SLV-3,15550000,True,Rohini RS-1,rohini rs,6,-0.0880539351343687,-0.03335441150500195,crs / gsat / apollo
KH-9),Martin Marietta,"SLC-4E, Vandenberg AFB, California, USA",1980-06-18,18:29:00,Titan IIID,3950000,True,KH-9),kh,7,-0.12870767254712212,-0.16845484075880127,kh / gambit / kh gambit
NOAA-B,General Dynamics,"SLC-3W, Vandenberg AFB, California, USA",1980-05-29,10:53:00,Atlas-E/F Star-37S-ISS,14710000,False,NOAA-B,noaab,6,-0.08748149034647108,-0.03283651036630823,crs / gsat / apollo
CAT-2 & Others,ESA,"ELV-1 (SLV), Guiana Space Centre, French Guiana, France",1980-05-23,14:29:00,Ariane 1,23150000,False,CAT-2 & Others,cat others,6,-0.0893261989464191,-0.03452638450584385,crs / gsat / apollo
GPS-6,General Dynamics,"SLC-3E, Vandenberg AFB, California, USA",1980-04-26,22:00:00,Atlas-E/F SGS-1,10210000,True,GPS-6,gps,6,-0.09672819961272248,-0.04237027583139949,crs / gsat / apollo
NOSS-3,General Dynamics,"SLC-3W, Vandenberg AFB, California, USA",1980-03-03,9:27:00,Atlas-E/F MSD,24700000,True,NOSS-3,noss,6,-0.09483761082710909,-0.04020590942821324,crs / gsat / apollo
GPS-5,General Dynamics,"SLC-3E, Vandenberg AFB, California, USA",1980-02-09,23:08:00,Atlas-E/F SGS-1,8390000,True,GPS-5,gps,6,-0.09672819961272248,-0.04237027583139949,crs / gsat / apollo
KH-11,Martin Marietta,"SLC-4E, Vandenberg AFB, California, USA",1980-02-07,21:10:00,Titan IIID,1990000,True,KH-11,kh,7,-0.12870767254712212,-0.16845484075880127,kh / gambit / kh gambit
FLTSATCOM-3,General Dynamics,"SLC-36A, Cape Canaveral AFS, Florida, USA",1980-01-18,1:26:00,Atlas-SLV3D Centaur-D1AR,20650000,True,FLTSATCOM-3,fltsatcom,6,-0.09279729729297871,-0.038010604827693306,crs / gsat / apollo
CAT-1,ESA,"ELV-1 (SLV), Guiana Space Centre, French Guiana, France",1979-12-24,17:14:00,Ariane 1,7460000,True,CAT-1,cat,6,-0.0893261989464191,-0.03452638450584385,crs / gsat / apollo
DSCS-II 13&14,Martin Marietta,"SLC-40, Cape Canaveral AFS, Florida, USA",1979-11-21,2:09:00,Titan III(23)C,1240000,True,DSCS-II 13&14,dscsii,6,-0.09279155649085764,-0.037977365227282275,crs / gsat / apollo
OPS-1948 (Vortex),Martin Marietta,"SLC-40, Cape Canaveral AFS, Florida, USA",1979-10-01,11:22:00,Titan III(23)C,22870000,True,OPS-1948 (Vortex),ops vortex,6,-0.09267348848252294,-0.038194525111252306,crs / gsat / apollo
HEAO-3,General Dynamics,"SLC-36B, Cape Canaveral AFS, Florida, USA",1979-09-20,5:28:00,Atlas-SLV3D Centaur-D1AR,10500000,True,HEAO-3,heao,6,-0.08893711356486926,-0.034164667577447835,crs / gsat / apollo
Rohini Technology Payload,ISRO,"SLV LP, Satish Dhawan Space Centre, India",1979-08-10,2:28:00,SLV-3,8860000,False,Rohini Technology Payload,rohini technology payload,6,-0.08795426725881653,-0.033264222825515326,crs / gsat / apollo
NOAA-A,General Dynamics,"SLC-3W, Vandenberg AFB, California, USA",1979-06-27,15:51:00,Atlas-E/F Star-37S-ISS,15910000,True,NOAA-A,noaaa,6,-0.08748149034647049,-0.03283651036614358,crs / gsat / apollo
DSP-8,Martin Marietta,"SLC-40, Cape Canaveral AFS, Florida, USA",1979-06-10,13:30:00,Titan III(23)C,10850000,True,DSP-8,dsp,0,-0.09911040817467,-0.04549508059932988,dsp / æs / gstar sbs
FLTSATCOM-2,General Dynamics,"SLC-36A, Cape Canaveral AFS, Florida, USA",1979-05-04,18:57:00,Atlas-SLV3D Centaur-D1AR,14420000,True,FLTSATCOM-2,fltsatcom,6,-0.09279729729297871,-0.038010604827693306,crs / gsat / apollo
KH-9 & SSF-D-3,Martin Marietta,"SLC-4E, Vandenberg AFB, California, USA",1979-03-16,18:30:00,Titan IIID,13490000,True,KH-9 & SSF-D-3,kh ssfd,6,-0.10614384562515193,-0.09158629413609062,crs / gsat / apollo
Solwind,General Dynamics,"SLC-3W, Vandenberg AFB, California, USA",1979-02-24,8:20:00,Atlas-E/F OIS,5700000,True,Solwind,solwind,6,-0.08748149034647129,-0.03283651036641157,crs / gsat / apollo
DSCS-II 11&12,Martin Marietta,"SLC-40, Cape Canaveral AFS, Florida, USA",1978-12-14,0:40:00,Titan III(23)C,15020000,True,DSCS-II 11&12,dscsii,6,-0.09279155649085764,-0.037977365227282275,crs / gsat / apollo
GPS-4,General Dynamics,"SLC-3E, Vandenberg AFB, California, USA",1978-12-11,3:59:00,Atlas-E/F SGS-1,10160000,True,GPS-4,gps,6,-0.09672819961272248,-0.04237027583139949,crs / gsat / apollo
HEAO-2,General Dynamics,"SLC-36B, Cape Canaveral AFS, Florida, USA",1978-11-13,5:24:00,Atlas-SLV3D Centaur-D1AR,7520000,True,HEAO-2,heao,6,-0.08893711356486926,-0.034164667577447835,crs / gsat / apollo
Tiros-N,General Dynamics,"SLC-3W, Vandenberg AFB, California, USA",1978-10-13,11:23:00,Atlas-E/F Star-37S-ISS,2680000,True,Tiros-N,tirosn,6,-0.0874814903464713,-0.03283651036658296,crs / gsat / apollo
GPS-3,General Dynamics,"SLC-3E, Vandenberg AFB, California, USA",1978-10-07,0:28:00,Atlas-E/F SGS-1,4840000,True,GPS-3,gps,6,-0.09672819961272248,-0.04237027583139949,crs / gsat / apollo
Pioneer Venus Multiprobe,General Dynamics,"SLC-36A, Cape Canaveral AFS, Florida, USA",1978-08-08,7:33:00,Atlas-SLV3D Centaur-D1AR,4620000,True,Pioneer Venus Multiprobe,pioneer venus multiprobe,6,-0.0898940368199227,-0.03516456359350409,crs / gsat / apollo
Quasar 3,Martin Marietta,"SLC-4W, Vandenberg AFB, California, USA",1978-08-05,10:00:00,Titan III(34)B Agena-D,16300000,True,Quasar 3,quasar,6,-0.09199868461429678,-0.03717183514994858,crs / gsat / apollo
Comstar D3,General Dynamics,"SLC-36B, Cape Canaveral AFS, Florida, USA",1978-06-29,22:24:00,Atlas-SLV3D Centaur-D1AR,22920000,True,Comstar D3,comstar d,6,-0.08968324286267405,-0.03486988067018066,crs / gsat / apollo
Seasat,General Dynamics,"SLC-3W, Vandenberg AFB, California, USA",1978-06-27,1:12:00,Atlas-E/F Agena D,4300000,True,Seasat,seasat,6,-0.08748149034647253,-0.032836510365468446,crs / gsat / apollo
KH-11,Martin Marietta,"SLC-4E, Vandenberg AFB, California, USA",1978-06-14,18:28:00,Titan IIID,4250000,True,KH-11,kh,7,-0.12870767254712212,-0.16845484075880127,kh / gambit / kh gambit
OPS-9454 (vortex),Martin Marietta,"SLC-40, Cape Canaveral AFS, Florida, USA",1978-06-10,19:08:00,Titan III(23)C,16690000,True,OPS-9454 (vortex),ops vortex,6,-0.09267348848252294,-0.038194525111252306,crs / gsat / apollo
Pioneer Venus Orbiter,General Dynamics,"SLC-36A, Cape Canaveral AFS, Florida, USA",1978-05-20,13:13:00,Atlas-SLV3D Centaur-D1AR,23510000,True,Pioneer Venus Orbiter,pioneer venus orbiter,6,-0.09107158266286966,-0.03626504177802204,crs / gsat / apollo
GPS-2,General Dynamics,"SLC-3E, Vandenberg AFB, California, USA",1978-05-13,10:34:00,Atlas-E/F SGS-1,9470000,True,GPS-2,gps,6,-0.09672819961272248,-0.04237027583139949,crs / gsat / apollo
OPS-8790 (Aquacade-4),General Dynamics,"LC-13, Cape Canaveral AFS, Florida, USA",1978-04-07,0:45:00,Atlas-SLV3A Agena-D,24800000,True,OPS-8790 (Aquacade-4),ops aquacade,6,-0.09086145677485984,-0.03638023100103848,crs / gsat / apollo
Intelsat 4A F6,General Dynamics,"SLC-36B, Cape Canaveral AFS, Florida, USA",1978-03-31,23:36:00,Atlas-SLV3D Centaur-D1AR,13090000,True,Intelsat 4A F6,intelsat a f,3,-0.15978120851655936,0.9414709268839893,intelsat / intelsat intelsat / æs
DSCS-II 9&10,Martin Marietta,"SLC-40, Cape Canaveral AFS, Florida, USA",1978-03-25,18:09:00,Titan III(23)C,19840000,False,DSCS-II 9&10,dscsii,6,-0.09279155649085764,-0.037977365227282275,crs / gsat / apollo
KH-9 & SSF-D-2,Martin Marietta,"SLC-4E, Vandenberg AFB, California, USA",1978-03-16,18:43:00,Titan IIID,11110000,True,KH-9 & SSF-D-2,kh ssfd,6,-0.10614384562515193,-0.09158629413609062,crs / gsat / apollo
Jumpseat 5,Martin Marietta,"SLC-4W, Vandenberg AFB, California, USA",1978-02-25,5:00:00,Titan III(34)B Agena-D,6520000,True,Jumpseat 5,jumpseat,6,-0.0919986823023331,-0.03717166376694101,crs / gsat / apollo
GPS-1,General Dynamics,"SLC-3E, Vandenberg AFB, California, USA",1978-02-22,23:44:00,Atlas-E/F SGS-1,5140000,True,GPS-1,gps,6,-0.09672819961272248,-0.04237027583139949,crs / gsat / apollo
FLTSATCOM-1,General Dynamics,"SLC-36A, Cape Canaveral AFS, Florida, USA",1978-02-09,21:17:00,Atlas-SLV3D Centaur-D1AR,7430000,True,FLTSATCOM-1,fltsatcom,6,-0.09279729729297871,-0.038010604827693306,crs / gsat / apollo
Intelsat 4A F3,General Dynamics,"SLC-36B, Cape Canaveral AFS, Florida, USA",1978-01-07,0:15:00,Atlas-SLV3D Centaur-D1AR,5320000,True,Intelsat 4A F3,intelsat a f,3,-0.15978120851655936,0.9414709268839893,intelsat / intelsat intelsat / æs
OPS-4258 (Aquacade-3),General Dynamics,"LC-13, Cape Canaveral AFS, Florida, USA",1977-12-11,22:45:00,Atlas-SLV3A Agena-D,11000000,True,OPS-4258 (Aquacade-3),ops aquacade,6,-0.09086145677485984,-0.03638023100103848,crs / gsat / apollo
NOSS-2,General Dynamics,"SLC-3W, Vandenberg AFB, California, USA",1977-12-08,17:45:00,Atlas-E/F MSD,6310000,True,NOSS-2,noss,6,-0.09483761082710909,-0.04020590942821324,crs / gsat / apollo
Intelsat 4A F5,General Dynamics,"SLC-36A, Cape Canaveral AFS, Florida, USA",1977-09-30,1:02:00,Atlas-SLV3D Centaur-D1AR,14500000,False,Intelsat 4A F5,intelsat a f,3,-0.15978120851655936,0.9414709268839893,intelsat / intelsat intelsat / æs
Voyager 1,Martin Marietta,"SLC-41, Cape Canaveral AFS, Florida, USA",1977-09-05,12:56:00,Titan IIIE,11890000,True,Voyager 1,voyager,6,-0.08820329681893985,-0.033487424596234446,crs / gsat / apollo
Voyager 2,Martin Marietta,"SLC-41, Cape Canaveral AFS, Florida, USA",1977-08-20,14:29:00,Titan IIIE,2770000,True,Voyager 2,voyager,6,-0.08820329681893985,-0.033487424596234446,crs / gsat / apollo
HEAO-1,General Dynamics,"SLC-36B, Cape Canaveral AFS, Florida, USA",1977-08-12,6:29:00,Atlas-SLV3D Centaur-D1AR,11320000,True,HEAO-1,heao,6,-0.08893711356486926,-0.034164667577447835,crs / gsat / apollo
KH-9,Martin Marietta,"SLC-4E, Vandenberg AFB, California, USA",1977-06-27,18:30:00,Titan IIID,24460000,True,KH-9,kh,7,-0.12870767254712212,-0.16845484075880127,kh / gambit / kh gambit
NTS-2,General Dynamics,"SLC-3W, Vandenberg AFB, California, USA",1977-06-23,9:16:00,Atlas-E/F SGS-1,11550000,True,NTS-2,nts,6,-0.0874814903464696,-0.0328365103676456,crs / gsat / apollo
Intelsat 4A F4,General Dynamics,"SLC-36A, Cape Canaveral AFS, Florida, USA",1977-05-26,21:47:00,Atlas-SLV3D Centaur-D1AR,3280000,True,Intelsat 4A F4,intelsat a f,3,-0.15978120851655936,0.9414709268839893,intelsat / intelsat intelsat / æs
AFP-827 (Canyon-7),General Dynamics,"LC-13, Cape Canaveral AFS, Florida, USA",1977-05-23,18:13:00,Atlas-SLV3A Agena-D,23480000,True,AFP-827 (Canyon-7),afp canyon,6,-0.09181108163302333,-0.0369507052188651,crs / gsat / apollo
DSCS-II 7&8,Martin Marietta,"SLC-40, Cape Canaveral AFS, Florida, USA",1977-05-12,14:27:00,Titan III(23)C,14690000,True,DSCS-II 7&8,dscsii,6,-0.09279155649085764,-0.037977365227282275,crs / gsat / apollo
DSP-7,Martin Marietta,"SLC-40, Cape Canaveral AFS, Florida, USA",1977-02-06,6:00:00,Titan III(23)C,7890000,True,DSP-7,dsp,0,-0.09911040817467,-0.04549508059932988,dsp / æs / gstar sbs
KH-11,Martin Marietta,"SLC-4E, Vandenberg AFB, California, USA",1976-12-19,18:19:00,Titan IIID,21270000,True,KH-11,kh,7,-0.12870767254712212,-0.16845484075880127,kh / gambit / kh gambit
Quasar 2,Martin Marietta,"SLC-4W, Vandenberg AFB, California, USA",1976-08-06,3:00:00,Titan III(34)B Agena-D,9100000,True,Quasar 2,quasar,6,-0.09199868461429678,-0.03717183514994858,crs / gsat / apollo
Comstar D2,General Dynamics,"SLC-36B, Cape Canaveral AFS, Florida, USA",1976-07-22,22:04:00,Atlas-SLV3D Centaur-D1AR,16280000,True,Comstar D2,comstar d,6,-0.08968324286267405,-0.03486988067018066,crs / gsat / apollo
"KH-9, S3 & SSF-D-1",Martin Marietta,"SLC-4E, Vandenberg AFB, California, USA",1976-07-08,18:30:00,Titan IIID,11260000,True,"KH-9, S3 & SSF-D-1",kh s ssfd,6,-0.10614384562515193,-0.09158629413609062,crs / gsat / apollo
DSP-6,Martin Marietta,"SLC-40, Cape Canaveral AFS, Florida, USA",1976-06-26,3:00:00,Titan III(23)C,12350000,True,DSP-6,dsp,0,-0.09911040817467,-0.04549508059932988,dsp / æs / gstar sbs
Quasar 1,Martin Marietta,"SLC-4W, Vandenberg AFB, California, USA",1976-06-02,1:00:00,Titan III(34)B Agena-D,9480000,True,Quasar 1,quasar,6,-0.09199868461429678,-0.03717183514994858,crs / gsat / apollo
Comstar D1,General Dynamics,"SLC-36A, Cape Canaveral AFS, Florida, USA",1976-05-13,22:28:00,Atlas-SLV3D Centaur-D1AR,19870000,True,Comstar D1,comstar d,6,-0.08968324286267405,-0.03486988067018066,crs / gsat / apollo
NOSS-1,General Dynamics,"SLC-3W, Vandenberg AFB, California, USA",1976-04-30,19:12:00,Atlas-E/F MSD,16190000,True,NOSS-1,noss,6,-0.09483761082710909,-0.04020590942821324,crs / gsat / apollo
"LES-8, LES-9, Solrad-11a, Solrad-11b",Martin Marietta,"SLC-40, Cape Canaveral AFS, Florida, USA",1976-03-14,1:25:00,Titan III(23)C,8710000,True,"LES-8, LES-9, Solrad-11a, Solrad-11b",les les solrad a solrad b,6,-0.08842264229127966,-0.03372373238904113,crs / gsat / apollo
Intelsat 4A F2,General Dynamics,"SLC-36B, Cape Canaveral AFS, Florida, USA",1976-01-29,23:56:00,Atlas-SLV3D Centaur-D1AR,10890000,True,Intelsat 4A F2,intelsat a f,3,-0.15978120851655936,0.9414709268839893,intelsat / intelsat intelsat / æs
Helios-2,Martin Marietta,"SLC-41, Cape Canaveral AFS, Florida, USA",1976-01-15,5:34:00,Titan IIIE,16690000,True,Helios-2,helios,6,-0.08983302773975234,-0.0349977468471706,crs / gsat / apollo
DSP-5,Martin Marietta,"SLC-40, Cape Canaveral AFS, Florida, USA",1975-12-14,5:15:00,Titan III(23)C,16500000,True,DSP-5,dsp,0,-0.09911040817467,-0.04549508059932988,dsp / æs / gstar sbs
KH-9 & S3,Martin Marietta,"SLC-4E, Vandenberg AFB, California, USA",1975-12-04,20:38:00,Titan IIID,16160000,True,KH-9 & S3,kh s,7,-0.12870767254712212,-0.16845484075880127,kh / gambit / kh gambit
Intelsat 4A F1,General Dynamics,"SLC-36B, Cape Canaveral AFS, Florida, USA",1975-09-26,0:17:00,Atlas-SLV3D Centaur-D1AR,15660000,True,Intelsat 4A F1,intelsat a f,3,-0.15978120851655936,0.9414709268839893,intelsat / intelsat intelsat / æs
Viking 2,Martin Marietta,"SLC-41, Cape Canaveral AFS, Florida, USA",1975-09-09,18:39:00,Titan IIIE,3330000,True,Viking 2,viking,6,-0.08862883146299139,-0.03388451065343689,crs / gsat / apollo
Viking 1,Martin Marietta,"SLC-41, Cape Canaveral AFS, Florida, USA",1975-08-20,21:22:00,Titan IIIE,22760000,True,Viking 1,viking,6,-0.08862883146299139,-0.03388451065343689,crs / gsat / apollo
ASTP (Apollo???Soyuz Test Project),NASA,"LC-39B, Kennedy Space Center, Florida, USA",1975-07-15,19:50:00,Saturn IB,23790000,True,ASTP (Apollo???Soyuz Test Project),astp apollosoyuz test project,6,-0.08865353599356057,-0.033958641707262906,crs / gsat / apollo
AFP-827 (Canyon-6),General Dynamics,"LC-13, Cape Canaveral AFS, Florida, USA",1975-06-18,9:00:00,Atlas-SLV3A Agena-D,10180000,True,AFP-827 (Canyon-6),afp canyon,6,-0.09181108163302333,-0.0369507052188651,crs / gsat / apollo
KH-9 & SSF-C-5,Martin Marietta,"SLC-4E, Vandenberg AFB, California, USA",1975-06-08,18:30:00,Titan IIID,6160000,True,KH-9 & SSF-C-5,kh ssfc,6,-0.10419384296822366,-0.08654934015442144,crs / gsat / apollo
Intelsat 4 F1,General Dynamics,"SLC-36A, Cape Canaveral AFS, Florida, USA",1975-05-22,22:04:00,Atlas-SLV3D Centaur-D1A,14320000,True,Intelsat 4 F1,intelsat f,3,-0.15978120851655936,0.9414709268839893,intelsat / intelsat intelsat / æs
DSCS-II 5&6,Martin Marietta,"SLC-40, Cape Canaveral AFS, Florida, USA",1975-05-20,14:03:00,Titan III(23)C,10850000,False,DSCS-II 5&6,dscsii,6,-0.09279155649085764,-0.037977365227282275,crs / gsat / apollo
P72-2,General Dynamics,"SLC-3W, Vandenberg AFB, California, USA",1975-04-13,0:51:00,Atlas-E/F Star-17A,22910000,False,P72-2,p,6,-0.08677140169173386,-0.03221041939492883,crs / gsat / apollo
Jumpseat 4,Martin Marietta,"SLC-4W, Vandenberg AFB, California, USA",1975-03-10,4:41:00,Titan III(34)B Agena-D,3700000,True,Jumpseat 4,jumpseat,6,-0.0919986823023331,-0.03717166376694101,crs / gsat / apollo
Intelsat 4 F6,General Dynamics,"SLC-36A, Cape Canaveral AFS, Florida, USA",1975-02-20,23:35:00,Atlas-SLV3D Centaur-D1A,22940000,False,Intelsat 4 F6,intelsat f,3,-0.15978120851655936,0.9414709268839893,intelsat / intelsat intelsat / æs
Helios-1,Martin Marietta,"SLC-41, Cape Canaveral AFS, Florida, USA",1974-12-10,7:11:00,Titan IIIE,16690000,True,Helios-1,helios,6,-0.08983302773975234,-0.0349977468471706,crs / gsat / apollo
Intelsat 4 F8,General Dynamics,"SLC-36B, Cape Canaveral AFS, Florida, USA",1974-11-21,23:43:00,Atlas-SLV3D Centaur-D1A,12170000,True,Intelsat 4 F8,intelsat f,3,-0.15978120851655936,0.9414709268839893,intelsat / intelsat intelsat / æs
"KH-9, S3 & SSF-B-26",Martin Marietta,"SLC-4E, Vandenberg AFB, California, USA",1974-10-29,19:30:00,Titan IIID,3880000,True,"KH-9, S3 & SSF-B-26",kh s ssfb,6,-0.10675178757559048,-0.09308204676874059,crs / gsat / apollo
P73-3,General Dynamics,"SLC-3W, Vandenberg AFB, California, USA",1974-07-14,5:17:00,Atlas-E/F PTS,1800000,True,P73-3,p,6,-0.08677140169173386,-0.03221041939492883,crs / gsat / apollo
ATS-6,Martin Marietta,"SLC-40, Cape Canaveral AFS, Florida, USA",1974-05-30,13:00:00,Titan III(23)C,12720000,True,ATS-6,ats,6,-0.09121369985004323,-0.03637146005036053,crs / gsat / apollo
"KH-9, SSF-B-25, IRCB",Martin Marietta,"SLC-4E, Vandenberg AFB, California, USA",1974-04-10,20:20:00,Titan IIID,21600000,True,"KH-9, SSF-B-25, IRCB",kh ssfb ircb,6,-0.10083767185024044,-0.07449041146225106,crs / gsat / apollo
Sphinx & Viking-DS,Martin Marietta,"SLC-41, Cape Canaveral AFS, Florida, USA",1974-02-11,13:48:00,Titan IIIE,21670000,False,Sphinx & Viking-DS,sphinx vikingds,6,-0.0874814903464699,-0.03283651036706486,crs / gsat / apollo
DSCS-II 3&4,Martin Marietta,"SLC-40, Cape Canaveral AFS, Florida, USA",1973-12-13,23:57:00,Titan III(23)C,18600000,True,DSCS-II 3&4,dscsii,6,-0.09279155649085764,-0.037977365227282275,crs / gsat / apollo
Skylab 4,NASA,"LC-39B, Kennedy Space Center, Florida, USA",1973-11-16,14:01:00,Saturn IB,21540000,True,Skylab 4,skylab,6,-0.08968324290229825,-0.03486988089101659,crs / gsat / apollo
"KH-9, SSF-B-24 & SSF-C-4",Martin Marietta,"SLC-4E, Vandenberg AFB, California, USA",1973-11-10,20:09:00,Titan IIID,20330000,True,"KH-9, SSF-B-24 & SSF-C-4",kh ssfb ssfc,6,-0.10167617077138716,-0.07650669802421613,crs / gsat / apollo
Mariner 10,General Dynamics,"SLC-36B, Cape Canaveral AFS, Florida, USA",1973-11-03,5:45:00,Atlas-SLV3D Centaur-D1A,13770000,True,Mariner 10,mariner,6,-0.09443686487622997,-0.03979611009210164,crs / gsat / apollo
Intelsat 4 F7,General Dynamics,"SLC-36A, Cape Canaveral AFS, Florida, USA",1973-08-23,22:57:00,Atlas-SLV3D Centaur-D1A,22350000,True,Intelsat 4 F7,intelsat f,3,-0.15978120851655936,0.9414709268839893,intelsat / intelsat intelsat / æs
Jumpseat 3,Martin Marietta,"SLC-4W, Vandenberg AFB, California, USA",1973-08-21,16:07:00,Titan-III(33)B Agena-D,14630000,True,Jumpseat 3,jumpseat,6,-0.0919986823023331,-0.03717166376694101,crs / gsat / apollo
Skylab 3,NASA,"LC-39B, Kennedy Space Center, Florida, USA",1973-07-28,11:10:00,Saturn IB,15840000,True,Skylab 3,skylab,6,-0.08968324290229825,-0.03486988089101659,crs / gsat / apollo
KH-9,Martin Marietta,"SLC-4E, Vandenberg AFB, California, USA",1973-07-13,20:24:00,Titan IIID,23050000,True,KH-9,kh,7,-0.12870767254712212,-0.16845484075880127,kh / gambit / kh gambit
DSP-4,Martin Marietta,"SLC-40, Cape Canaveral AFS, Florida, USA",1973-06-12,7:14:00,Titan III(23)C,8750000,True,DSP-4,dsp,0,-0.09911040817467,-0.04549508059932988,dsp / æs / gstar sbs
Skylab 2,NASA,"LC-39B, Kennedy Space Center, Florida, USA",1973-05-25,13:00:00,Saturn IB,23000000,True,Skylab 2,skylab,6,-0.08968324290229825,-0.03486988089101659,crs / gsat / apollo
Skylab 1,NASA,"LC-39A, Kennedy Space Center, Florida, USA",1973-05-14,17:30:00,Saturn V,8190000,True,Skylab 1,skylab,6,-0.08968324290229825,-0.03486988089101659,crs / gsat / apollo
Pioneer 11,General Dynamics,"SLC-36B, Cape Canaveral AFS, Florida, USA",1973-04-06,2:11:00,Atlas-SLV3D Centaur-D1A,24770000,True,Pioneer 11,pioneer,6,-0.09259553519043044,-0.037774635259366904,crs / gsat / apollo
KH-9,Martin Marietta,"SLC-4E, Vandenberg AFB, California, USA",1973-03-09,21:00:00,Titan IIID,15290000,True,KH-9,kh,7,-0.12870767254712212,-0.16845484075880127,kh / gambit / kh gambit
AFP-720 (Rhyolite-2),General Dynamics,"LC-13, Cape Canaveral AFS, Florida, USA",1973-03-06,9:30:00,Atlas-SLV3A Agena-D,7370000,True,AFP-720 (Rhyolite-2),afp rhyolite,6,-0.0896716481819606,-0.03490194736727189,crs / gsat / apollo
AFP-827 (Canyon-5),General Dynamics,"LC-13, Cape Canaveral AFS, Florida, USA",1972-12-20,22:20:00,Atlas-SLV3A Agena-D,17720000,True,AFP-827 (Canyon-5),afp canyon,6,-0.09181108163302333,-0.0369507052188651,crs / gsat / apollo
Apollo 17,NASA,"LC-39A, Kennedy Space Center, Florida, USA",1972-12-19,19:24:00,Saturn V,9950000,True,Apollo 17,apollo,6,-0.09880083789532156,-0.04509247400681504,crs / gsat / apollo
KH-9 & SSF-C-3,Martin Marietta,"SLC-4E, Vandenberg AFB, California, USA",1972-10-10,18:03:00,Titan IIID,5040000,True,KH-9 & SSF-C-3,kh ssfc,6,-0.10419384296822366,-0.08654934015442144,crs / gsat / apollo
P72-1,General Dynamics,"LC-576A1, Vandenberg AFB, California, USA",1972-10-02,20:10:00,Atlas-E/F Burner,12660000,True,P72-1,p,6,-0.08677140169173386,-0.03221041939492883,crs / gsat / apollo
OAO-3,General Dynamics,"SLC-36B, Cape Canaveral AFS, Florida, USA",1972-08-21,10:28:00,Atlas-SLV3C Centaur-D,23620000,True,OAO-3,oao,6,-0.08893711356822473,-0.03416466928425433,crs / gsat / apollo
KH-9 & SSF-B-23,Martin Marietta,"SLC-4E, Vandenberg AFB, California, USA",1972-07-07,17:46:00,Titan IIID,5970000,True,KH-9 & SSF-B-23,kh ssfb,6,-0.10675178757559048,-0.09308204676874059,crs / gsat / apollo
Intelsat 4 F5,General Dynamics,"SLC-36B, Cape Canaveral AFS, Florida, USA",1972-06-13,21:53:00,Atlas-SLV3C Centaur-D,1510000,True,Intelsat 4 F5,intelsat f,3,-0.15978120851655936,0.9414709268839893,intelsat / intelsat intelsat / æs
Apollo 16,NASA,"LC-39A, Kennedy Space Center, Florida, USA",1972-04-16,17:54:00,Saturn V,20160000,True,Apollo 16,apollo,6,-0.09880083789532156,-0.04509247400681504,crs / gsat / apollo
Pioneer 10,General Dynamics,"SLC-36A, Cape Canaveral AFS, Florida, USA",1972-03-03,1:49:00,Atlas-SLV3C Centaur-D,5160000,True,Pioneer 10,pioneer,6,-0.09259553519043044,-0.037774635259366904,crs / gsat / apollo
DSP-3,Martin Marietta,"SLC-40, Cape Canaveral AFS, Florida, USA",1972-03-01,9:39:00,Titan III(23)C,2420000,True,DSP-3,dsp,0,-0.09911040817467,-0.04549508059932988,dsp / æs / gstar sbs
Jumpseat 2,Martin Marietta,"SLC-4W, Vandenberg AFB, California, USA",1972-02-16,9:59:00,Titan-III(33)B Agena-D,7870000,False,Jumpseat 2,jumpseat,6,-0.0919986823023331,-0.03717166376694101,crs / gsat / apollo
Intelsat 4 F4,General Dynamics,"SLC-36B, Cape Canaveral AFS, Florida, USA",1972-01-23,0:12:00,Atlas-SLV3C Centaur-D,15400000,True,Intelsat 4 F4,intelsat f,3,-0.15978120851655936,0.9414709268839893,intelsat / intelsat intelsat / æs
KH-9 & SSF-B-22,Martin Marietta,"SLC-4E, Vandenberg AFB, California, USA",1972-01-20,18:36:00,Titan IIID,11180000,True,KH-9 & SSF-B-22,kh ssfb,6,-0.10675178757559048,-0.09308204676874059,crs / gsat / apollo
Intelsat 4 F3,General Dynamics,"SLC-36A, Cape Canaveral AFS, Florida, USA",1971-12-20,1:10:00,Atlas-SLV3C Centaur-D,8210000,True,Intelsat 4 F3,intelsat f,3,-0.15978120851655936,0.9414709268839893,intelsat / intelsat intelsat / æs
AFP-827 (Canyon-4),General Dynamics,"LC-13, Cape Canaveral AFS, Florida, USA",1971-12-04,22:33:00,Atlas-SLV3A Agena-D,2530000,False,AFP-827 (Canyon-4),afp canyon,6,-0.09181108163302333,-0.0369507052188651,crs / gsat / apollo
DSCS-II 1&2,Martin Marietta,"SLC-40, Cape Canaveral AFS, Florida, USA",1971-11-03,3:09:00,Titan III(23)C,23900000,True,DSCS-II 1&2,dscsii,6,-0.09279155649085764,-0.037977365227282275,crs / gsat / apollo
OV1-20 OV1-21,General Dynamics,"LC-576A2, Vandenberg AFB, California, USA",1971-08-07,0:11:00,Atlas-E/F OV1,14780000,True,OV1-20 OV1-21,ov ov,6,-0.09802110949527053,-0.04394683981835043,crs / gsat / apollo
Apollo 15,NASA,"LC-39A, Kennedy Space Center, Florida, USA",1971-07-26,13:34:00,Saturn V,2470000,True,Apollo 15,apollo,6,-0.09880083789532156,-0.04509247400681504,crs / gsat / apollo
KH-9,Martin Marietta,"SLC-4E, Vandenberg AFB, California, USA",1971-06-15,18:41:00,Titan IIID,1190000,True,KH-9,kh,7,-0.12870767254712212,-0.16845484075880127,kh / gambit / kh gambit
Mariner 9,General Dynamics,"SLC-36B, Cape Canaveral AFS, Florida, USA",1971-05-30,22:23:00,Atlas-SLV3C Centaur-D,2020000,True,Mariner 9,mariner,6,-0.09443686487622997,-0.03979611009210164,crs / gsat / apollo
Mariner 8,General Dynamics,"SLC-36A, Cape Canaveral AFS, Florida, USA",1971-05-09,1:11:00,Atlas-SLV3C Centaur-D,14680000,False,Mariner 8,mariner,6,-0.09443686487622997,-0.03979611009210164,crs / gsat / apollo
DSP-2,Martin Marietta,"SLC-40, Cape Canaveral AFS, Florida, USA",1971-05-05,7:43:00,Titan III(23)C,15470000,True,DSP-2,dsp,0,-0.09911040817467,-0.04549508059932988,dsp / æs / gstar sbs
Jumpseat 1,Martin Marietta,"SLC-4W, Vandenberg AFB, California, USA",1971-03-21,3:45:00,Titan-III(33)B Agena-D,23330000,True,Jumpseat 1,jumpseat,6,-0.0919986823023331,-0.03717166376694101,crs / gsat / apollo
Apollo 14,NASA,"LC-39A, Kennedy Space Center, Florida, USA",1971-01-31,21:03:00,Saturn V,1800000,True,Apollo 14,apollo,6,-0.09880083789532156,-0.04509247400681504,crs / gsat / apollo
Intelsat 4 F2,General Dynamics,"SLC-36A, Cape Canaveral AFS, Florida, USA",1971-01-26,0:36:00,Atlas-SLV3C Centaur-D,5110000,True,Intelsat 4 F2,intelsat f,3,-0.15978120851655936,0.9414709268839893,intelsat / intelsat intelsat / æs
OAO-B,General Dynamics,"SLC-36B, Cape Canaveral AFS, Florida, USA",1970-11-30,22:40:00,Atlas-SLV3C Centaur-D,22550000,False,OAO-B,oaob,6,-0.0874814903464726,-0.032836510366285064,crs / gsat / apollo
OPS-5960 (IMEWS-1/DSP-1),Martin Marietta,"SLC-40, Cape Canaveral AFS, Florida, USA",1970-11-06,10:35:00,Titan III(23)C,12720000,False,OPS-5960 (IMEWS-1/DSP-1),ops imews dsp,6,-0.09396820342809101,-0.039853917138920496,crs / gsat / apollo
AFP-827 (Canyon-3),General Dynamics,"LC-13, Cape Canaveral AFS, Florida, USA",1970-09-01,1:00:00,Atlas-SLV3A Agena-D,21840000,True,AFP-827 (Canyon-3),afp canyon,6,-0.09181108163302333,-0.0369507052188651,crs / gsat / apollo
AFP-720 (Rhyolite-1),General Dynamics,"LC-13, Cape Canaveral AFS, Florida, USA",1970-06-19,11:37:00,Atlas-SLV3A Agena-D,19070000,True,AFP-720 (Rhyolite-1),afp rhyolite,6,-0.0896716481819606,-0.03490194736727189,crs / gsat / apollo
Soyuz 9,Roscosmos,"Site 31/6, Baikonur Cosmodrome, Kazakhstan",1970-06-01,19:00:00,Soyuz,5120000,True,Soyuz 9,soyuz,5,-0.09914690971622613,-0.048743750963315055,soyuz / soyuz ms / ms
Apollo 13,NASA,"LC-39A, Kennedy Space Center, Florida, USA",1970-04-11,19:13:00,Saturn V,15760000,True,Apollo 13,apollo,6,-0.09880083789532156,-0.04509247400681504,crs / gsat / apollo
Vela 11 & 12,Martin Marietta,"SLC-40, Cape Canaveral AFS, Florida, USA",1970-04-08,10:50:00,Titan IIIC,20310000,True,Vela 11 & 12,vela,6,-0.08968324284232894,-0.03486987987745338,crs / gsat / apollo
Apollo 12,NASA,"LC-39A, Kennedy Space Center, Florida, USA",1969-11-14,16:22:00,Saturn V,1500000,True,Apollo 12,apollo,6,-0.09880083789532156,-0.04509247400681504,crs / gsat / apollo
ATS-5,General Dynamics,"SLC-36A, Cape Canaveral AFS, Florida, USA",1969-08-12,11:01:00,Atlas-SLV3C Centaur-D,20090000,True,ATS-5,ats,6,-0.09121369985004323,-0.03637146005036053,crs / gsat / apollo
Apollo 11,NASA,"LC-39A, Kennedy Space Center, Florida, USA",1969-07-16,13:32:00,Saturn V,7690000,True,Apollo 11,apollo,6,-0.09880083789532156,-0.04509247400681504,crs / gsat / apollo
"OPS-6909, OPS-6911, OV5-5, OV5-6, OV5-9",Martin Marietta,"SLC-41, Cape Canaveral AFS, Florida, USA",1969-05-23,7:57:00,Titan IIIC,18540000,True,"OPS-6909, OPS-6911, OV5-5, OV5-6, OV5-9",ops ops ov ov ov,6,-0.09846923978911913,-0.044437879276681934,crs / gsat / apollo
Apollo 10,NASA,"LC-39B, Kennedy Space Center, Florida, USA",1969-05-18,16:49:00,Saturn V,22030000,True,Apollo 10,apollo,6,-0.09880083789532156,-0.04509247400681504,crs / gsat / apollo
Canyon 2 (AFP-827),General Dynamics,"LC-13, Cape Canaveral AFS, Florida, USA",1969-04-13,2:30:00,Atlas-SLV3A Agena-D,12670000,True,Canyon 2 (AFP-827),canyon afp,6,-0.09092442906210127,-0.036105773733874066,crs / gsat / apollo
Mariner 7,General Dynamics,"SLC-36A, Cape Canaveral AFS, Florida, USA",1969-03-27,22:22:00,Atlas-SLV3C Centaur-D,9110000,True,Mariner 7,mariner,6,-0.09443686487622997,-0.03979611009210164,crs / gsat / apollo
OV1-17/OV1-18/OV1-19,General Dynamics,"LC-576A2, Vandenberg AFB, California, USA",1969-03-18,7:47:00,Atlas-E/F OV1,12660000,True,OV1-17/OV1-18/OV1-19,ov ov ov,6,-0.09779929068239553,-0.04371911236101742,crs / gsat / apollo
Apollo 9,NASA,"LC-39A, Kennedy Space Center, Florida, USA",1969-03-03,16:00:00,Saturn V,1070000,True,Apollo 9,apollo,6,-0.09880083789532156,-0.04509247400681504,crs / gsat / apollo
Mariner 6,General Dynamics,"SLC-36B, Cape Canaveral AFS, Florida, USA",1969-02-25,1:29:00,Atlas-SLV3C Centaur-D,23790000,True,Mariner 6,mariner,6,-0.09443686487622997,-0.03979611009210164,crs / gsat / apollo
OPS-0757 (Tacsat),Martin Marietta,"SLC-41, Cape Canaveral AFS, Florida, USA",1969-02-09,21:09:00,Titan IIIC,19290000,True,OPS-0757 (Tacsat),ops tacsat,6,-0.09106117889244976,-0.036535258131311844,crs / gsat / apollo
Apollo 8,NASA,"LC-39A, Kennedy Space Center, Florida, USA",1968-12-21,12:51:00,Saturn V,20520000,True,Apollo 8,apollo,6,-0.09880083789532156,-0.04509247400681504,crs / gsat / apollo
OAO-2,General Dynamics,"SLC-36B, Cape Canaveral AFS, Florida, USA",1968-12-07,8:40:00,Atlas-SLV3C Centaur-D,4440000,True,OAO-2,oao,6,-0.08893711356822473,-0.03416466928425433,crs / gsat / apollo
Apollo 7,NASA,"LC-34, Cape Canaveral AFS, Florida, USA",1968-10-11,15:02:00,Saturn IB,4160000,True,Apollo 7,apollo,6,-0.09880083789532156,-0.04509247400681504,crs / gsat / apollo
"LES-6, OV2-5, OV5-2, OV5-4",Martin Marietta,"SLC-41, Cape Canaveral AFS, Florida, USA",1968-09-26,7:37:00,Titan IIIC,1450000,True,"LES-6, OV2-5, OV5-2, OV5-4",les ov ov ov,6,-0.09724177346038683,-0.04309001636738245,crs / gsat / apollo
STP P68-1,General Dynamics,"SLC-3E, Vandenberg AFB, California, USA",1968-08-16,20:57:00,Atlas-SLV3 Burner-2,13750000,False,STP P68-1,stp p,6,-0.08900933565020155,-0.034232188382718645,crs / gsat / apollo
ATS-4,General Dynamics,"SLC-36A, Cape Canaveral AFS, Florida, USA",1968-08-10,22:33:00,Atlas-SLV3C Centaur-D,8410000,False,ATS-4,ats,6,-0.09121369985004323,-0.03637146005036053,crs / gsat / apollo
Canyon 1 (AFP-827),General Dynamics,"LC-13, Cape Canaveral AFS, Florida, USA",1968-08-06,11:08:00,Atlas-SLV3A Agena-D,15680000,True,Canyon 1 (AFP-827),canyon afp,6,-0.09092442906210127,-0.036105773733874066,crs / gsat / apollo
OV1-15/OV1-16,General Dynamics,"LC-576A2, Vandenberg AFB, California, USA",1968-07-11,19:30:00,Atlas-E/F OV1,5760000,True,OV1-15/OV1-16,ov ov,6,-0.09802110949527053,-0.04394683981835043,crs / gsat / apollo
OPS 9341-9348,Martin Marietta,"SLC-41, Cape Canaveral AFS, Florida, USA",1968-06-13,14:03:00,Titan IIIC,2770000,True,OPS 9341-9348,ops,6,-0.09296858409046968,-0.03871791537230284,crs / gsat / apollo
OV1-13/OV1-14,General Dynamics,"LC-576A2, Vandenberg AFB, California, USA",1968-04-06,9:59:00,Atlas-E/F OV1,15560000,True,OV1-13/OV1-14,ov ov,6,-0.09802110949527053,-0.04394683981835043,crs / gsat / apollo
Apollo 6,NASA,"LC-39A, Kennedy Space Center, Florida, USA",1968-04-04,12:00:00,Saturn V,12320000,False,Apollo 6,apollo,6,-0.09880083789532156,-0.04509247400681504,crs / gsat / apollo
OGO-5,General Dynamics,"LC-13, Cape Canaveral AFS, Florida, USA",1968-03-04,13:06:00,Atlas-SLV3A Agena-D,4660000,True,OGO-5,ogo,6,-0.08893711356640589,-0.03416466940751907,crs / gsat / apollo
Apollo 5,NASA,"SLC-37B, Cape Canaveral AFS, Florida, USA",1968-01-22,22:48:00,Saturn IB,19230000,True,Apollo 5,apollo,6,-0.09880083789532156,-0.04509247400681504,crs / gsat / apollo
Surveyor 7,General Dynamics,"SLC-36A, Cape Canaveral AFS, Florida, USA",1968-01-07,6:30:00,Atlas-SLV3C Centaur-D,23070000,True,Surveyor 7,surveyor,6,-0.09315677941320265,-0.03834757967282905,crs / gsat / apollo
Apollo 4,NASA,"LC-39A, Kennedy Space Center, Florida, USA",1967-11-09,12:00:00,Saturn V,23080000,True,Apollo 4,apollo,6,-0.09880083789532156,-0.04509247400681504,crs / gsat / apollo
Surveyor 6,General Dynamics,"SLC-36B, Cape Canaveral AFS, Florida, USA",1967-11-07,7:39:00,Atlas-SLV3C Centaur-D,4850000,True,Surveyor 6,surveyor,6,-0.09315677941320265,-0.03834757967282905,crs / gsat / apollo
ATS-3,General Dynamics,"LC-12, Cape Canaveral AFS, Florida, USA",1967-11-05,23:37:00,Atlas-SLV3 Agena-D,2380000,True,ATS-3,ats,6,-0.09121369985004323,-0.03637146005036053,crs / gsat / apollo
Surveyor 5,General Dynamics,"SLC-36B, Cape Canaveral AFS, Florida, USA",1967-09-08,7:57:00,Atlas-SLV3C Centaur-D,8130000,True,Surveyor 5,surveyor,6,-0.09315677941320265,-0.03834757967282905,crs / gsat / apollo
Lunar Orbiter 5,General Dynamics,"LC-13, Cape Canaveral AFS, Florida, USA",1967-08-01,22:33:00,Atlas-SLV3 Agena-D,1040000,True,Lunar Orbiter 5,lunar orbiter,6,-0.09120249287612477,-0.03634098961630471,crs / gsat / apollo
OV1-11/OV1-12/OV1-86,General Dynamics,"LC-576B3, Vandenberg AFB, California, USA",1967-07-27,19:00:00,Atlas-D OV1,3580000,False,OV1-11/OV1-12/OV1-86,ov ov ov,6,-0.09779929068239553,-0.04371911236101742,crs / gsat / apollo
Surveyor 4,General Dynamics,"SLC-36A, Cape Canaveral AFS, Florida, USA",1967-07-14,11:53:00,Atlas-LV3C Centaur-D,18800000,True,Surveyor 4,surveyor,6,-0.09315677941320265,-0.03834757967282905,crs / gsat / apollo
"OPS 9331-9334, LES-5 & DODGE",Martin Marietta,"SLC-41, Cape Canaveral AFS, Florida, USA",1967-07-01,13:15:00,Titan IIIC,21990000,True,"OPS 9331-9334, LES-5 & DODGE",ops les dodge,6,-0.08999255455549364,-0.035473373133519275,crs / gsat / apollo
Mariner 5,General Dynamics,"LC-12, Cape Canaveral AFS, Florida, USA",1967-06-14,6:01:00,Atlas-SLV3 Agena-D,12650000,True,Mariner 5,mariner,6,-0.09443686487622997,-0.03979611009210164,crs / gsat / apollo
KH-7 Gambit 4038,General Dynamics,"SLC-4E, Vandenberg AFB, California, USA",1967-06-04,18:07:00,Atlas-SLV3 Agena-D,18910000,True,KH-7 Gambit 4038,kh gambit,7,-0.14008280718611285,-0.21824198632259736,kh / gambit / kh gambit
KH-7 Gambit 4037,General Dynamics,"SLC-4E, Vandenberg AFB, California, USA",1967-05-22,18:30:00,Atlas-SLV3 Agena-D,15580000,True,KH-7 Gambit 4037,kh gambit,7,-0.14008280718611285,-0.21824198632259736,kh / gambit / kh gambit
Lunar Orbiter 4,General Dynamics,"LC-13, Cape Canaveral AFS, Florida, USA",1967-05-04,22:25:00,Atlas-SLV3 Agena-D,2690000,True,Lunar Orbiter 4,lunar orbiter,6,-0.09120249287612477,-0.03634098961630471,crs / gsat / apollo
"OPS-6638, OPS-6679, ORS-4, OV5-1, OV5-3",Martin Marietta,"SLC-41, Cape Canaveral AFS, Florida, USA",1967-04-28,10:01:00,Titan IIIC,10740000,True,"OPS-6638, OPS-6679, ORS-4, OV5-1, OV5-3",ops ops ors ov ov,6,-0.09721179279123109,-0.04303337067933698,crs / gsat / apollo
Surveyor 3,General Dynamics,"SLC-36B, Cape Canaveral AFS, Florida, USA",1967-04-17,7:05:00,Atlas-LV3C Centaur-D,8620000,True,Surveyor 3,surveyor,6,-0.09315677941320265,-0.03834757967282905,crs / gsat / apollo
ATS-2,General Dynamics,"LC-12, Cape Canaveral AFS, Florida, USA",1967-04-06,3:23:00,Atlas-SLV3 Agena-D,19020000,False,ATS-2,ats,6,-0.09121369985004323,-0.03637146005036053,crs / gsat / apollo
Lunar Orbiter 3,General Dynamics,"LC-13, Cape Canaveral AFS, Florida, USA",1967-02-05,1:17:00,Atlas-SLV3 Agena-D,4840000,True,Lunar Orbiter 3,lunar orbiter,6,-0.09120249287612477,-0.03634098961630471,crs / gsat / apollo
KH-7 Gambit 4036,General Dynamics,"SLC-4E, Vandenberg AFB, California, USA",1967-02-02,20:00:00,Atlas-SLV3 Agena-D,7030000,True,KH-7 Gambit 4036,kh gambit,7,-0.14008280718611285,-0.21824198632259736,kh / gambit / kh gambit
Apollo 1,NASA,"LC-34, Cape Canaveral AFS, Florida, USA",1967-01-27,23:31:00,Saturn IB,19510000,False,Apollo 1,apollo,6,-0.09880083789532156,-0.04509247400681504,crs / gsat / apollo
OPS 9321-9328,Martin Marietta,"SLC-41, Cape Canaveral AFS, Florida, USA",1967-01-18,14:19:00,Titan IIIC,1200000,True,OPS 9321-9328,ops,6,-0.09296858409046968,-0.03871791537230284,crs / gsat / apollo
OV1-9/OV1-10,General Dynamics,"LC-576B3, Vandenberg AFB, California, USA",1966-12-11,21:10:00,Atlas-D OV1,8080000,True,OV1-9/OV1-10,ov ov,6,-0.09802110949527053,-0.04394683981835043,crs / gsat / apollo
ATS-1,General Dynamics,"LC-12, Cape Canaveral AFS, Florida, USA",1966-12-07,2:12:00,Atlas-SLV3 Agena-D,8940000,True,ATS-1,ats,6,-0.09121369985004323,-0.03637146005036053,crs / gsat / apollo
KH-7 Gambit 4035,General Dynamics,"SLC-4E, Vandenberg AFB, California, USA",1966-12-05,21:09:00,Atlas-SLV3 Agena-D,7030000,True,KH-7 Gambit 4035,kh gambit,7,-0.14008280718611285,-0.21824198632259736,kh / gambit / kh gambit
Gemini XII,NASA,"LC-19, Cape Canaveral AFS, Florida, USA",1966-11-11,20:46:00,Titan II GLV,7780000,True,Gemini XII,gemini xii,6,-0.0905296194038232,-0.035806875852605814,crs / gsat / apollo
GATV 5001,General Dynamics,"LC-14, Cape Canaveral AFS, Florida, USA",1966-11-11,19:08:00,Atlas-SLV3 Agena-D,1120000,True,GATV 5001,gatv,8,-0.0912136991243322,-0.03637110844772783,gatv / æs / gstar sbs
Lunar Orbiter 2,General Dynamics,"LC-13, Cape Canaveral AFS, Florida, USA",1966-11-06,23:21:00,Atlas-SLV3 Agena-D,3040000,True,Lunar Orbiter 2,lunar orbiter,6,-0.09120249287612477,-0.03634098961630471,crs / gsat / apollo
"Gemini B, OV4-3, &  OV4-1R/T",Martin Marietta,"SLC-40, Cape Canaveral AFS, Florida, USA",1966-11-03,13:50:00,Titan IIIC,19470000,True,"Gemini B, OV4-3, &  OV4-1R/T",gemini b ov ov rt,6,-0.09650040681800266,-0.042186993004181286,crs / gsat / apollo
KH-7 Gambit 4034,General Dynamics,"SLC-4E, Vandenberg AFB, California, USA",1966-11-02,20:23:00,Atlas-SLV3 Agena-D,12560000,True,KH-7 Gambit 4034,kh gambit,7,-0.14008280718611285,-0.21824198632259736,kh / gambit / kh gambit
Surveyor SD-4,General Dynamics,"SLC-36B, Cape Canaveral AFS, Florida, USA",1966-10-26,11:12:00,Atlas-LV3C Centaur-D,14900000,True,Surveyor SD-4,surveyor sd,6,-0.0910757621980051,-0.03632036435764233,crs / gsat / apollo
KH-7 Gambit 4033,General Dynamics,"SLC-4E, Vandenberg AFB, California, USA",1966-10-12,19:15:00,Atlas-SLV3 Agena-D,20270000,True,KH-7 Gambit 4033,kh gambit,7,-0.14008280718611285,-0.21824198632259736,kh / gambit / kh gambit
Midas 12,General Dynamics,"SLC-3E, Vandenberg AFB, California, USA",1966-10-05,22:00:00,Atlas-SLV3 Agena-D,4100000,True,Midas 12,midas,6,-0.09613546240136461,-0.0417687885541404,crs / gsat / apollo
Surveyor 2,General Dynamics,"SLC-36A, Cape Canaveral AFS, Florida, USA",1966-09-20,12:32:00,Atlas-LV3C Centaur-D,2050000,True,Surveyor 2,surveyor,6,-0.09315677941320265,-0.03834757967282905,crs / gsat / apollo
KH-7 Gambit 4032,General Dynamics,"SLC-4E, Vandenberg AFB, California, USA",1966-09-16,17:59:00,Atlas-SLV3 Agena-D,11720000,True,KH-7 Gambit 4032,kh gambit,7,-0.14008280718611285,-0.21824198632259736,kh / gambit / kh gambit
Gemini XI,NASA,"LC-19, Cape Canaveral AFS, Florida, USA",1966-09-12,14:42:00,Titan II GLV,15400000,True,Gemini XI,gemini xi,6,-0.09052961940382338,-0.035806875852353405,crs / gsat / apollo
GATV 5006,General Dynamics,"LC-14, Cape Canaveral AFS, Florida, USA",1966-09-12,13:05:00,Atlas-SLV3 Agena-D,9850000,True,GATV 5006,gatv,8,-0.0912136991243322,-0.03637110844772783,gatv / æs / gstar sbs
"IDCSP-1 8-14, GGTS-2",Martin Marietta,"SLC-41, Cape Canaveral AFS, Florida, USA",1966-08-26,13:59:00,Titan IIIC,14910000,False,"IDCSP-1 8-14, GGTS-2",idcsp ggts,6,-0.08773192808913496,-0.033073132529104966,crs / gsat / apollo
AS-202,NASA,"LC-34, Cape Canaveral AFS, Florida, USA",1966-08-25,17:15:00,Saturn IB,11340000,True,AS-202,as,6,-0.08677140169173386,-0.03221041939492883,crs / gsat / apollo
Midas 11,General Dynamics,"SLC-3E, Vandenberg AFB, California, USA",1966-08-19,19:30:00,Atlas-SLV3 Agena-D,22550000,True,Midas 11,midas,6,-0.09613546240136461,-0.0417687885541404,crs / gsat / apollo
KH-7 Gambit 4031,General Dynamics,"SLC-4E, Vandenberg AFB, California, USA",1966-08-16,18:30:00,Atlas-SLV3 Agena-D,21520000,True,KH-7 Gambit 4031,kh gambit,7,-0.14008280718611285,-0.21824198632259736,kh / gambit / kh gambit
Lunar Orbiter 1,General Dynamics,"LC-13, Cape Canaveral AFS, Florida, USA",1966-08-10,19:26:00,Atlas-SLV3 Agena-D,3790000,True,Lunar Orbiter 1,lunar orbiter,6,-0.09120249287612477,-0.03634098961630471,crs / gsat / apollo
Gemini X,NASA,"LC-19, Cape Canaveral AFS, Florida, USA",1966-07-18,22:20:00,Titan II GLV,10030000,True,Gemini X,gemini x,6,-0.09362211397491485,-0.03880100265920136,crs / gsat / apollo
GATV 5005,General Dynamics,"LC-14, Cape Canaveral AFS, Florida, USA",1966-07-18,20:39:00,Atlas-SLV3 Agena-D,8160000,True,GATV 5005,gatv,8,-0.0912136991243322,-0.03637110844772783,gatv / æs / gstar sbs
OV1-7/OV1-8,General Dynamics,"LC-576B3, Vandenberg AFB, California, USA",1966-07-14,2:10:00,Atlas-D OV1,4480000,False,OV1-7/OV1-8,ov ov,6,-0.09802110949527053,-0.04394683981835043,crs / gsat / apollo
KH-7 Gambit 4030,General Dynamics,"SLC-4E, Vandenberg AFB, California, USA",1966-07-12,17:57:00,Atlas-SLV3 Agena-D,24460000,True,KH-7 Gambit 4030,kh gambit,7,-0.14008280718611285,-0.21824198632259736,kh / gambit / kh gambit
AS-203,NASA,"SLC-37B, Cape Canaveral AFS, Florida, USA",1966-07-05,14:53:00,Saturn IB,6530000,True,AS-203,as,6,-0.08677140169173386,-0.03221041939492883,crs / gsat / apollo
OPS 9311-9317 & GGTS-1,Martin Marietta,"SLC-41, Cape Canaveral AFS, Florida, USA",1966-06-16,14:00:00,Titan IIIC,23410000,True,OPS 9311-9317 & GGTS-1,ops ggts,6,-0.09047203827334394,-0.035990184067714745,crs / gsat / apollo
Midas 10,General Dynamics,"SLC-3E, Vandenberg AFB, California, USA",1966-06-09,20:15:00,Atlas-SLV3 Agena-D,18640000,False,Midas 10,midas,6,-0.09613546240136461,-0.0417687885541404,crs / gsat / apollo
OGO-3,General Dynamics,"LC-12, Cape Canaveral AFS, Florida, USA",1966-06-07,2:48:00,Atlas-SLV3 Agena-B,9590000,True,OGO-3,ogo,6,-0.08893711356640589,-0.03416466940751907,crs / gsat / apollo
KH-7 Gambit 4029,General Dynamics,"SLC-4E, Vandenberg AFB, California, USA",1966-06-03,19:25:00,Atlas-SLV3 Agena-D,16400000,True,KH-7 Gambit 4029,kh gambit,7,-0.14008280718611285,-0.21824198632259736,kh / gambit / kh gambit
Gemini IX-A,NASA,"LC-19, Cape Canaveral AFS, Florida, USA",1966-06-03,13:39:00,Titan II GLV,10210000,False,Gemini IX-A,gemini ixa,6,-0.09052961940382327,-0.035806875852488505,crs / gsat / apollo
ATDA,General Dynamics,"LC-14, Cape Canaveral AFS, Florida, USA",1966-06-01,15:00:00,Atlas SLV-3,3310000,True,ATDA,atda,6,-0.08748149034647014,-0.032836510365770316,crs / gsat / apollo
Surveyor 1,General Dynamics,"SLC-36A, Cape Canaveral AFS, Florida, USA",1966-05-30,14:41:00,Atlas-LV3C Centaur-D,10960000,True,Surveyor 1,surveyor,6,-0.09315677941320265,-0.03834757967282905,crs / gsat / apollo
GATV 5004,General Dynamics,"LC-14, Cape Canaveral AFS, Florida, USA",1966-05-17,15:15:00,Atlas-SLV3 Agena-D,18800000,False,GATV 5004,gatv,8,-0.0912136991243322,-0.03637110844772783,gatv / æs / gstar sbs
Gemini VIII,NASA,"LC-19, Cape Canaveral AFS, Florida, USA",1966-05-16,16:41:00,Titan II GLV,10370000,False,Gemini VIII,gemini viii,6,-0.0905296194038231,-0.035806875852603975,crs / gsat / apollo
KH-7 Gambit 4028,General Dynamics,"SLC-4E, Vandenberg AFB, California, USA",1966-05-14,18:30:00,Atlas-SLV3 Agena-D,24200000,True,KH-7 Gambit 4028,kh gambit,7,-0.14008280718611285,-0.21824198632259736,kh / gambit / kh gambit
KH-7 Gambit 4027,General Dynamics,"SLC-4E, Vandenberg AFB, California, USA",1966-04-19,19:12:00,Atlas-SLV3 Agena-D,22500000,True,KH-7 Gambit 4027,kh gambit,7,-0.14008280718611285,-0.21824198632259736,kh / gambit / kh gambit
OAO-1,General Dynamics,"LC-12, Cape Canaveral AFS, Florida, USA",1966-04-08,19:35:00,Atlas-SLV3B Agena-D,24880000,True,OAO-1,oao,6,-0.08893711356822473,-0.03416466928425433,crs / gsat / apollo
Surveyor Model-3,General Dynamics,"SLC-36B, Cape Canaveral AFS, Florida, USA",1966-04-08,1:00:00,Atlas-LV3C Centaur-D,5760000,False,Surveyor Model-3,surveyor model,6,-0.09040091085884956,-0.035679583682979,crs / gsat / apollo
OV1-4/OV1-5,General Dynamics,"LC-576B3, Vandenberg AFB, California, USA",1966-03-30,9:20:00,Atlas-D OV1,14340000,True,OV1-4/OV1-5,ov ov,6,-0.09802110949527053,-0.04394683981835043,crs / gsat / apollo
KH-7 Gambit 4026,General Dynamics,"SLC-4E, Vandenberg AFB, California, USA",1966-03-18,20:30:00,Atlas-SLV3 Agena-D,12200000,True,KH-7 Gambit 4026,kh gambit,7,-0.14008280718611285,-0.21824198632259736,kh / gambit / kh gambit
GATV 5003,General Dynamics,"LC-14, Cape Canaveral AFS, Florida, USA",1966-03-16,15:00:00,Atlas-SLV3 Agena-D,18490000,True,GATV 5003,gatv,8,-0.0912136991243322,-0.03637110844772783,gatv / æs / gstar sbs
AS-201,NASA,"LC-34, Cape Canaveral AFS, Florida, USA",1966-02-26,16:12:00,Saturn IB,12490000,True,AS-201,as,6,-0.08677140169173386,-0.03221041939492883,crs / gsat / apollo
KH-7 Gambit 4025,General Dynamics,"SLC-4E, Vandenberg AFB, California, USA",1966-02-15,13:04:00,Atlas-SLV3 Agena-D,21580000,True,KH-7 Gambit 4025,kh gambit,7,-0.14008280718611285,-0.21824198632259736,kh / gambit / kh gambit
KH-7 Gambit 4024,General Dynamics,"SLC-4E, Vandenberg AFB, California, USA",1966-01-19,20:10:00,Atlas-SLV3 Agena-D,2440000,True,KH-7 Gambit 4024,kh gambit,7,-0.14008280718611285,-0.21824198632259736,kh / gambit / kh gambit
"LES 3 & 4, OV2-3, OSCAR-4",Martin Marietta,"SLC-41, Cape Canaveral AFS, Florida, USA",1965-12-21,14:00:00,Titan IIIC,16750000,False,"LES 3 & 4, OV2-3, OSCAR-4",les ov oscar,6,-0.09242322058013824,-0.03791017462488758,crs / gsat / apollo
Gemini VI-A,NASA,"LC-19, Cape Canaveral AFS, Florida, USA",1965-12-15,13:37:00,Titan II GLV,24230000,True,Gemini VI-A,gemini via,6,-0.09362211397491485,-0.03880100265920136,crs / gsat / apollo
Gemini VII,NASA,"LC-19, Cape Canaveral AFS, Florida, USA",1965-12-04,19:30:00,Titan II GLV,2920000,True,Gemini VII,gemini vii,6,-0.09085858620643289,-0.03611700139273721,crs / gsat / apollo
KH-7 Gambit 4023,General Dynamics,"SLC-4E, Vandenberg AFB, California, USA",1965-11-08,19:26:00,Atlas-SLV3 Agena-D,23180000,True,KH-7 Gambit 4023,kh gambit,7,-0.14008280718611285,-0.21824198632259736,kh / gambit / kh gambit
GATV 5002,General Dynamics,"LC-14, Cape Canaveral AFS, Florida, USA",1965-10-25,15:00:00,Atlas-SLV3 Agena-D,11940000,False,GATV 5002,gatv,8,-0.0912136991243322,-0.03637110844772783,gatv / æs / gstar sbs
LCS-2 & OV2-1,Martin Marietta,"SLC-40, Cape Canaveral AFS, Florida, USA",1965-10-15,17:23:00,Titan IIIC,21100000,False,LCS-2 & OV2-1,lcs ov,6,-0.09203309705842987,-0.03764421733268064,crs / gsat / apollo
OV1-2,General Dynamics,"LC-576B3, Vandenberg AFB, California, USA",1965-10-05,9:07:00,Atlas-D OV1,19470000,True,OV1-2,ov,6,-0.09718686797514149,-0.043062952505251696,crs / gsat / apollo
KH-7 Gambit 4022,General Dynamics,"SLC-4E, Vandenberg AFB, California, USA",1965-09-30,19:20:00,Atlas-SLV3 Agena-D,19200000,True,KH-7 Gambit 4022,kh gambit,7,-0.14008280718611285,-0.21824198632259736,kh / gambit / kh gambit
Gemini V,NASA,"LC-19, Cape Canaveral AFS, Florida, USA",1965-08-21,13:59:00,Titan II GLV,9400000,True,Gemini V,gemini v,6,-0.09362211397491485,-0.03880100265920136,crs / gsat / apollo
Surveyor SD-2,General Dynamics,"SLC-36B, Cape Canaveral AFS, Florida, USA",1965-08-11,14:31:00,Atlas-LV3C Centaur-D,17010000,True,Surveyor SD-2,surveyor sd,6,-0.0910757621980051,-0.03632036435764233,crs / gsat / apollo
KH-7 Gambit 4021,General Dynamics,"SLC-4E, Vandenberg AFB, California, USA",1965-08-03,19:12:00,Atlas-SLV3 Agena-D,23560000,True,KH-7 Gambit 4021,kh gambit,7,-0.14008280718611285,-0.21824198632259736,kh / gambit / kh gambit
A-105,NASA,"SLC-37B, Cape Canaveral AFS, Florida, USA",1965-07-30,13:00:00,Saturn I,23660000,True,A-105,a,6,-0.08677140169173386,-0.03221041939492883,crs / gsat / apollo
Vela 3A/3B,General Dynamics,"LC-13, Cape Canaveral AFS, Florida, USA",1965-07-20,8:27:00,Atlas-LV3 Agena-D,12770000,True,Vela 3A/3B,vela a b,6,-0.08968324284232894,-0.03486987987745338,crs / gsat / apollo
KH-7 Gambit 4020,General Dynamics,"SLC-4E, Vandenberg AFB, California, USA",1965-07-12,19:00:00,Atlas-SLV3 Agena-D,6990000,False,KH-7 Gambit 4020,kh gambit,7,-0.14008280718611285,-0.21824198632259736,kh / gambit / kh gambit
KH-7 Gambit 4019,General Dynamics,"SLC-4E, Vandenberg AFB, California, USA",1965-06-25,19:30:00,Atlas-SLV3 Agena-D,1780000,True,KH-7 Gambit 4019,kh gambit,7,-0.14008280718611285,-0.21824198632259736,kh / gambit / kh gambit
Transtage 5,Martin Marietta,"SLC-40, Cape Canaveral AFS, Florida, USA",1965-06-18,14:00:00,Titan IIIC,4130000,True,Transtage 5,transtage,6,-0.08748149034647111,-0.03283651036576556,crs / gsat / apollo
Gemini IV,NASA,"LC-19, Cape Canaveral AFS, Florida, USA",1965-06-03,15:15:00,Titan II GLV,5750000,True,Gemini IV,gemini iv,6,-0.09052961940382327,-0.03580687585264782,crs / gsat / apollo
OV1-3,General Dynamics,"LC-576B3, Vandenberg AFB, California, USA",1965-05-28,2:54:00,Atlas-D OV1,21370000,False,OV1-3,ov,6,-0.09718686797514149,-0.043062952505251696,crs / gsat / apollo
KH-7 Gambit 4018,General Dynamics,"SLC-4E, Vandenberg AFB, California, USA",1965-05-27,19:30:00,Atlas-SLV3 Agena-D,2180000,True,KH-7 Gambit 4018,kh gambit,7,-0.14008280718611285,-0.21824198632259736,kh / gambit / kh gambit
A-104,NASA,"SLC-37B, Cape Canaveral AFS, Florida, USA",1965-05-25,7:35:00,Saturn I,9060000,True,A-104,a,6,-0.08677140169173386,-0.03221041939492883,crs / gsat / apollo
KH-7 Gambit 4017,General Dynamics,"SLC-4E, Vandenberg AFB, California, USA",1965-04-28,20:17:00,Atlas-SLV3 Agena-D,11010000,True,KH-7 Gambit 4017,kh gambit,7,-0.14008280718611285,-0.21824198632259736,kh / gambit / kh gambit
SNAPSHOT,General Dynamics,"SLC-4E, Vandenberg AFB, California, USA",1965-04-03,21:25:00,Atlas-SLV3 Agena-D,22190000,True,SNAPSHOT,snapshot,6,-0.08748149034647186,-0.03283651036669353,crs / gsat / apollo
Gemini 3,NASA,"LC-19, Cape Canaveral AFS, Florida, USA",1965-03-23,14:24:00,Titan II GLV,5220000,True,Gemini 3,gemini,6,-0.09362211397491485,-0.03880100265920136,crs / gsat / apollo
Ranger 9,General Dynamics,"LC-12, Cape Canaveral AFS, Florida, USA",1965-03-21,21:37:00,Atlas-LV3 Agena-B,17720000,True,Ranger 9,ranger,6,-0.09360989829700389,-0.03887936975028192,crs / gsat / apollo
KH-7 Gambit 4016,General Dynamics,"SLC-4W, Vandenberg AFB, California, USA",1965-03-12,19:25:00,Atlas-SLV3 Agena-D,14260000,True,KH-7 Gambit 4016,kh gambit,7,-0.14008280718611285,-0.21824198632259736,kh / gambit / kh gambit
Surveyor-SD 1,General Dynamics,"SLC-36A, Cape Canaveral AFS, Florida, USA",1965-03-02,13:25:00,Atlas-LV3C Centaur-C,5730000,False,Surveyor-SD 1,surveyorsd,6,-0.08748149034646951,-0.03283651036594466,crs / gsat / apollo
Ranger 8,General Dynamics,"LC-12, Cape Canaveral AFS, Florida, USA",1965-02-17,17:05:00,Atlas-LV3 Agena-B,10400000,True,Ranger 8,ranger,6,-0.09360989829700389,-0.03887936975028192,crs / gsat / apollo
A-103,NASA,"SLC-37B, Cape Canaveral AFS, Florida, USA",1965-02-16,14:37:00,Saturn I,23090000,True,A-103,a,6,-0.08677140169173386,-0.03221041939492883,crs / gsat / apollo
KH-7 Gambit 4015,General Dynamics,"SLC-4W, Vandenberg AFB, California, USA",1965-01-23,20:09:00,Atlas-SLV3 Agena-D,23930000,True,KH-7 Gambit 4015,kh gambit,7,-0.14008280718611285,-0.21824198632259736,kh / gambit / kh gambit
OV1-1,General Dynamics,"LC-576B3, Vandenberg AFB, California, USA",1965-01-21,20:09:00,Atlas-D OV1,8050000,False,OV1-1,ov,6,-0.09718686797514149,-0.043062952505251696,crs / gsat / apollo
Gemini 2,NASA,"LC-19, Cape Canaveral AFS, Florida, USA",1965-01-19,14:04:00,Titan II GLV,10730000,True,Gemini 2,gemini,6,-0.09362211397491485,-0.03880100265920136,crs / gsat / apollo
Surveyor-Model 1,General Dynamics,"SLC-36A, Cape Canaveral AFS, Florida, USA",1964-12-11,14:25:00,Atlas-LV3C Centaur-C,8790000,False,Surveyor-Model 1,surveyormodel,6,-0.08748149034646967,-0.03283651036739829,crs / gsat / apollo
KH-7 Gambit 4014,General Dynamics,"SLC-4E, Vandenberg AFB, California, USA",1964-12-04,18:57:00,Atlas-SLV3 Agena-D,15260000,True,KH-7 Gambit 4014,kh gambit,7,-0.14008280718611285,-0.21824198632259736,kh / gambit / kh gambit
Mariner 4,General Dynamics,"LC-12, Cape Canaveral AFS, Florida, USA",1964-11-28,14:22:00,Atlas-LV3 Agena-D,11670000,True,Mariner 4,mariner,6,-0.09443686487622997,-0.03979611009210164,crs / gsat / apollo
Mariner 3,General Dynamics,"LC-13, Cape Canaveral AFS, Florida, USA",1964-11-05,19:22:00,Atlas-LV3 Agena-D,12500000,False,Mariner 3,mariner,6,-0.09443686487622997,-0.03979611009210164,crs / gsat / apollo
KH-7 Gambit 4013,General Dynamics,"SLC-4W, Vandenberg AFB, California, USA",1964-10-23,18:30:00,Atlas-LV3 Agena-D,3910000,True,KH-7 Gambit 4013,kh gambit,7,-0.14008280718611285,-0.21824198632259736,kh / gambit / kh gambit
KH-7 Gambit 4012,General Dynamics,"SLC-4E, Vandenberg AFB, California, USA",1964-10-08,20:00:00,Atlas-SLV3 Agena-D,24340000,False,KH-7 Gambit 4012,kh gambit,7,-0.14008280718611285,-0.21824198632259736,kh / gambit / kh gambit
KH-7 Gambit 4011,General Dynamics,"SLC-4E, Vandenberg AFB, California, USA",1964-09-23,13:10:00,Atlas-SLV3 Agena-D,2320000,True,KH-7 Gambit 4011,kh gambit,7,-0.14008280718611285,-0.21824198632259736,kh / gambit / kh gambit
A-102,NASA,"SLC-37B, Cape Canaveral AFS, Florida, USA",1964-09-18,16:22:00,Saturn I,7480000,True,A-102,a,6,-0.08677140169173386,-0.03221041939492883,crs / gsat / apollo
OGO 1,General Dynamics,"LC-12, Cape Canaveral AFS, Florida, USA",1964-09-05,1:23:00,Atlas-LV3 Agena-B,18430000,True,OGO 1,ogo,6,-0.08893711356640589,-0.03416466940751907,crs / gsat / apollo
KH-7 Gambit 4010,General Dynamics,"SLC-4E, Vandenberg AFB, California, USA",1964-08-14,22:00:00,Atlas-SLV3 Agena-D,16800000,True,KH-7 Gambit 4010,kh gambit,7,-0.14008280718611285,-0.21824198632259736,kh / gambit / kh gambit
Ranger 7,General Dynamics,"LC-12, Cape Canaveral AFS, Florida, USA",1964-07-28,16:50:00,Atlas-LV3 Agena-B,13050000,True,Ranger 7,ranger,6,-0.09360989829700389,-0.03887936975028192,crs / gsat / apollo
Vela 2A/2B,General Dynamics,"LC-13, Cape Canaveral AFS, Florida, USA",1964-07-17,2:37:00,Atlas-LV3 Agena-D,5340000,True,Vela 2A/2B,vela a b,6,-0.08968324284232894,-0.03486987987745338,crs / gsat / apollo
KH-7 Gambit 4009,General Dynamics,"SLC-4W, Vandenberg AFB, California, USA",1964-07-06,18:51:00,Atlas-LV3 Agena-D,23790000,True,KH-7 Gambit 4009,kh gambit,7,-0.14008280718611285,-0.21824198632259736,kh / gambit / kh gambit
AC-3 (Test Vehicle),General Dynamics,"SLC-36A, Cape Canaveral AFS, Florida, USA",1964-06-30,14:04:00,Atlas-LV3C Centaur-C,18350000,False,AC-3 (Test Vehicle),ac test vehicle,6,-0.09025050457672176,-0.03545569956294503,crs / gsat / apollo
A-101,NASA,"SLC-37B, Cape Canaveral AFS, Florida, USA",1964-05-28,17:07:00,Saturn I,19050000,True,A-101,a,6,-0.08677140169173386,-0.03221041939492883,crs / gsat / apollo
KH-7 Gambit 4008,General Dynamics,"SLC-4W, Vandenberg AFB, California, USA",1964-05-19,19:21:00,Atlas-LV3 Agena-D,5140000,True,KH-7 Gambit 4008,kh gambit,7,-0.14008280718611285,-0.21824198632259736,kh / gambit / kh gambit
KH-7 Gambit 4007,General Dynamics,"SLC-4W, Vandenberg AFB, California, USA",1964-04-23,16:19:00,Atlas-LV3 Agena-D,17300000,True,KH-7 Gambit 4007,kh gambit,7,-0.14008280718611285,-0.21824198632259736,kh / gambit / kh gambit
Gemini 1,NASA,"LC-19, Cape Canaveral AFS, Florida, USA",1964-04-08,16:01:00,Titan II GLV,4450000,True,Gemini 1,gemini,6,-0.09362211397491485,-0.03880100265920136,crs / gsat / apollo
KH-7 Gambit 4006,General Dynamics,"SLC-4W, Vandenberg AFB, California, USA",1964-03-11,20:14:00,Atlas-LV3 Agena-D,14290000,True,KH-7 Gambit 4006,kh gambit,7,-0.14008280718611285,-0.21824198632259736,kh / gambit / kh gambit
KH-7 Gambit 4005,General Dynamics,"SLC-4W, Vandenberg AFB, California, USA",1964-02-25,18:59:00,Atlas-LV3 Agena-D,6580000,True,KH-7 Gambit 4005,kh gambit,7,-0.14008280718611285,-0.21824198632259736,kh / gambit / kh gambit
Ranger 6,General Dynamics,"LC-12, Cape Canaveral AFS, Florida, USA",1964-01-30,15:49:00,Atlas-LV3 Agena-B,15720000,True,Ranger 6,ranger,6,-0.09360989829700389,-0.03887936975028192,crs / gsat / apollo
SA-5,NASA,"LC-34, Cape Canaveral AFS, Florida, USA",1964-01-29,16:25:00,Saturn I,13480000,True,SA-5,sa,6,-0.08748149034646892,-0.03283651036597024,crs / gsat / apollo
Explorer 19 (AD-A),NASA,"SLC-5, Vandenberg AFB, California, USA",1963-12-19,18:49:00,Scout X-4,16720000,True,Explorer 19 (AD-A),explorer ada,6,-0.08944338829995958,-0.03468457253587278,crs / gsat / apollo
KH-7 Gambit 4004,General Dynamics,"SLC-4W, Vandenberg AFB, California, USA",1963-12-18,21:45:00,Atlas-LV3 Agena-D,17530000,True,KH-7 Gambit 4004,kh gambit,7,-0.14008280718611285,-0.21824198632259736,kh / gambit / kh gambit
AC-2 (Test Vehicle),General Dynamics,"SLC-36A, Cape Canaveral AFS, Florida, USA",1963-11-27,19:03:00,Atlas-LV3C Centaur-B,18640000,True,AC-2 (Test Vehicle),ac test vehicle,6,-0.09025050457672176,-0.03545569956294503,crs / gsat / apollo
KH-7 Gambit 4003,General Dynamics,"SLC-4W, Vandenberg AFB, California, USA",1963-10-25,18:59:00,Atlas-LV3 Agena-D,1300000,True,KH-7 Gambit 4003,kh gambit,7,-0.14008280718611285,-0.21824198632259736,kh / gambit / kh gambit
Vela 1A/1B,General Dynamics,"LC-13, Cape Canaveral AFS, Florida, USA",1963-10-17,2:37:00,Atlas-LV3 Agena-D,16960000,True,Vela 1A/1B,vela a b,6,-0.08968324284232894,-0.03486987987745338,crs / gsat / apollo
KH-7 Gambit 4002,General Dynamics,"SLC-4W, Vandenberg AFB, California, USA",1963-09-06,19:30:00,Atlas-LV3 Agena-D,4650000,True,KH-7 Gambit 4002,kh gambit,7,-0.14008280718611285,-0.21824198632259736,kh / gambit / kh gambit
Midas 9,General Dynamics,"SLC-3E, Vandenberg AFB, California, USA",1963-07-19,3:51:00,Atlas-LV3 Agena-B,10880000,True,Midas 9,midas,6,-0.09613546240136461,-0.0417687885541404,crs / gsat / apollo
KH-7 Gambit 4001,General Dynamics,"SLC-4W, Vandenberg AFB, California, USA",1963-07-12,20:46:00,Atlas-LV3 Agena-D,3480000,True,KH-7 Gambit 4001,kh gambit,7,-0.14008280718611285,-0.21824198632259736,kh / gambit / kh gambit
Midas 8,General Dynamics,"SLC-3E, Vandenberg AFB, California, USA",1963-06-12,18:00:00,Atlas-LV3 Agena-B,3660000,False,Midas 8,midas,6,-0.09613546240136461,-0.0417687885541404,crs / gsat / apollo
Faith 7 (MA-9),NASA,"LC-14, Cape Canaveral AFS, Florida, USA",1963-05-15,13:04:00,Atlas-D Mercury,1550000,True,Faith 7 (MA-9),faith ma,6,-0.08907880732366949,-0.034330253723017075,crs / gsat / apollo
Midas 7,General Dynamics,"SLC-3E, Vandenberg AFB, California, USA",1963-05-09,20:06:00,Atlas-LV3 Agena-B,12870000,True,Midas 7,midas,6,-0.09613546240136461,-0.0417687885541404,crs / gsat / apollo
Midas 6,General Dynamics,"SLC-3E, Vandenberg AFB, California, USA",1962-12-17,20:36:00,Atlas-LV3 Agena-B,11150000,False,Midas 6,midas,6,-0.09613546240136461,-0.0417687885541404,crs / gsat / apollo
Explorer 16 (S-55B),NASA,"LA-3, Wallops Flight Facility, Virginia, USA",1962-12-16,14:33:00,Scout X-3,4620000,True,Explorer 16 (S-55B),explorer s b,6,-0.09102799898406522,-0.03616826031577577,crs / gsat / apollo
Samos 11,General Dynamics,"SLC-3W, Vandenberg AFB, California, USA",1962-11-11,20:17:00,Atlas-LV3 Agena-B,12260000,True,Samos 11,samos,6,-0.0952785963997837,-0.04076225963364918,crs / gsat / apollo
Ranger 5,General Dynamics,"LC-12, Cape Canaveral AFS, Florida, USA",1962-10-18,16:59:00,Atlas-LV3 Agena-B,3610000,True,Ranger 5,ranger,6,-0.09360989829700389,-0.03887936975028192,crs / gsat / apollo
Sigma 7 (MA-8),NASA,"LC-14, Cape Canaveral AFS, Florida, USA",1962-10-03,9:13:00,Atlas-D Mercury,18440000,True,Sigma 7 (MA-8),sigma ma,6,-0.08907880732366934,-0.034330253723276284,crs / gsat / apollo
Mariner 2,General Dynamics,"LC-12, Cape Canaveral AFS, Florida, USA",1962-08-27,6:53:00,Atlas-LV3 Agena-B,19900000,True,Mariner 2,mariner,6,-0.09443686487622997,-0.03979611009210164,crs / gsat / apollo
Samos 10,General Dynamics,"SLC-3W, Vandenberg AFB, California, USA",1962-08-05,17:59:00,Atlas-LV3 Agena-B,15800000,True,Samos 10,samos,6,-0.0952785963997837,-0.04076225963364918,crs / gsat / apollo
Mariner 1,General Dynamics,"LC-12, Cape Canaveral AFS, Florida, USA",1962-07-22,9:21:00,Atlas-LV3 Agena-B,20760000,False,Mariner 1,mariner,6,-0.09443686487622997,-0.03979611009210164,crs / gsat / apollo
Samos 9,General Dynamics,"SLC-3W, Vandenberg AFB, California, USA",1962-07-18,20:15:00,Atlas-LV3 Agena-B,7820000,True,Samos 9,samos,6,-0.0952785963997837,-0.04076225963364918,crs / gsat / apollo
Samos 8,General Dynamics,"SLC-3W, Vandenberg AFB, California, USA",1962-06-17,18:14:00,Atlas-LV3 Agena-B,2180000,True,Samos 8,samos,6,-0.0952785963997837,-0.04076225963364918,crs / gsat / apollo
Aurora 7 (MA-7),NASA,"LC-14, Cape Canaveral AFS, Florida, USA",1962-05-24,12:45:00,Atlas-D Mercury,17790000,True,Aurora 7 (MA-7),aurora ma,6,-0.089078807323669,-0.03433025372308502,crs / gsat / apollo
AC-1 (Test Vehicle),General Dynamics,"SLC-36A, Cape Canaveral AFS, Florida, USA",1962-05-08,19:49:00,Atlas-LV3C Centaur-A,15930000,False,AC-1 (Test Vehicle),ac test vehicle,6,-0.09025050457672176,-0.03545569956294503,crs / gsat / apollo
Samos 7,General Dynamics,"SLC-3W, Vandenberg AFB, California, USA",1962-04-26,18:56:00,Atlas-LV3 Agena-B,11880000,True,Samos 7,samos,6,-0.0952785963997837,-0.04076225963364918,crs / gsat / apollo
Solrad 4B,NASA,"LA-3, Wallops Flight Facility, Virginia, USA",1962-04-26,10:49:00,Scout X-2,18240000,False,Solrad 4B,solrad b,6,-0.08792189598997562,-0.033235462180037825,crs / gsat / apollo
Ranger 4,General Dynamics,"LC-12, Cape Canaveral AFS, Florida, USA",1962-04-23,20:50:00,Atlas-LV3 Agena-B,12700000,True,Ranger 4,ranger,6,-0.09360989829700389,-0.03887936975028192,crs / gsat / apollo
Midas 5,General Dynamics,"SLC-3E, Vandenberg AFB, California, USA",1962-04-09,15:04:00,Atlas-LV3 Agena-B,5350000,True,Midas 5,midas,6,-0.09613546240136461,-0.0417687885541404,crs / gsat / apollo
Samos 6,General Dynamics,"SLC-3E, Vandenberg AFB, California, USA",1962-03-07,22:10:00,Atlas-LV3 Agena-B,3980000,True,Samos 6,samos,6,-0.0952785963997837,-0.04076225963364918,crs / gsat / apollo
Friendship 7 (MA-6),NASA,"LC-14, Cape Canaveral AFS, Florida, USA",1962-02-20,14:47:00,Atlas-D Mercury,10980000,True,Friendship 7 (MA-6),friendship ma,6,-0.08907880732366884,-0.034330253723208,crs / gsat / apollo
Ranger 3,General Dynamics,"LC-12, Cape Canaveral AFS, Florida, USA",1962-01-26,20:30:00,Atlas-LV3 Agena-B,12770000,False,Ranger 3,ranger,6,-0.09360989829700389,-0.03887936975028192,crs / gsat / apollo
Samos 5,General Dynamics,"SLC-3E, Vandenberg AFB, California, USA",1961-12-22,19:12:00,Atlas-LV3 Agena-B,23400000,False,Samos 5,samos,6,-0.0952785963997837,-0.04076225963364918,crs / gsat / apollo
Mercury-Atlas 5 (MA-5),NASA,"LC-14, Cape Canaveral AFS, Florida, USA",1961-11-29,15:08:00,Atlas-D Mercury,4240000,True,Mercury-Atlas 5 (MA-5),mercuryatlas ma,6,-0.09136844026586631,-0.036493481639117184,crs / gsat / apollo
Samos 4,General Dynamics,"SLC-3W, Vandenberg AFB, California, USA",1961-11-22,20:45:00,Atlas-LV3 Agena-B,1240000,False,Samos 4,samos,6,-0.0952785963997837,-0.04076225963364918,crs / gsat / apollo
Ranger 2,General Dynamics,"LC-12, Cape Canaveral AFS, Florida, USA",1961-11-18,8:12:00,Atlas-LV3 Agena-B,16910000,False,Ranger 2,ranger,6,-0.09360989829700389,-0.03887936975028192,crs / gsat / apollo
Mercury-Scout 1 (MS-1),NASA,"LC-18B, Cape Canaveral AFS, Florida, USA",1961-11-01,15:32:00,Blue Scout II,9140000,False,Mercury-Scout 1 (MS-1),mercuryscout ms,6,-0.09475855020257613,-0.04282931021722731,crs / gsat / apollo
Midas 4,General Dynamics,"SLC-3E, Vandenberg AFB, California, USA",1961-10-21,13:53:00,Atlas-LV3 Agena-B,12520000,False,Midas 4,midas,6,-0.09613546240136461,-0.0417687885541404,crs / gsat / apollo
Mercury-Atlas 4 (MA-4),NASA,"LC-14, Cape Canaveral AFS, Florida, USA",1961-09-13,14:04:00,Atlas-D Mercury,6390000,True,Mercury-Atlas 4 (MA-4),mercuryatlas ma,6,-0.09136844026586631,-0.036493481639117184,crs / gsat / apollo
Samos 3,General Dynamics,"SLC-3W, Vandenberg AFB, California, USA",1961-09-09,19:28:00,Atlas-LV3 Agena-B,6250000,False,Samos 3,samos,6,-0.0952785963997837,-0.04076225963364918,crs / gsat / apollo
Explorer 13,NASA,"LA-3, Wallops Flight Facility, Virginia, USA",1961-08-25,18:29:00,Scout X-1,15100000,False,Explorer 13,explorer,6,-0.09102799898406522,-0.03616826031577577,crs / gsat / apollo
Ranger 1,General Dynamics,"LC-12, Cape Canaveral AFS, Florida, USA",1961-08-23,10:04:00,Atlas-LV3 Agena-B,11790000,False,Ranger 1,ranger,6,-0.09360989829700389,-0.03887936975028192,crs / gsat / apollo
Liberty Bell 7 (MR-4),NASA,"LC-5, Cape Canaveral AFS, Florida, USA",1961-07-21,12:36:00,Mercury-Redstone,3150000,True,Liberty Bell 7 (MR-4),liberty bell mr,6,-0.0881114427628341,-0.033413660118829805,crs / gsat / apollo
Midas 3,General Dynamics,"SLC-3E, Vandenberg AFB, California, USA",1961-07-12,15:11:00,Atlas-LV3 Agena-B,16820000,True,Midas 3,midas,6,-0.09613546240136461,-0.0417687885541404,crs / gsat / apollo
Explorer (S-55),NASA,"LA-3, Wallops Flight Facility, Virginia, USA",1961-06-30,17:09:00,Scout X-1,17240000,False,Explorer (S-55),explorer s,6,-0.09102799898406522,-0.03616826031577577,crs / gsat / apollo
Freedom 7 (MR-3),NASA,"LC-5, Cape Canaveral AFS, Florida, USA",1961-05-05,14:34:00,Mercury-Redstone,6780000,True,Freedom 7 (MR-3),freedom mr,6,-0.08826406111205723,-0.033553779066667073,crs / gsat / apollo
Mercury-Atlas 3 (MA-3),NASA,"LC-14, Cape Canaveral AFS, Florida, USA",1961-04-25,16:15:00,Atlas-D Mercury,6040000,False,Mercury-Atlas 3 (MA-3),mercuryatlas ma,6,-0.09136844026586631,-0.036493481639117184,crs / gsat / apollo
Mercury-Redstone BD (MR-BD),NASA,"LC-5, Cape Canaveral AFS, Florida, USA",1961-03-24,17:30:00,Mercury-Redstone,18290000,True,Mercury-Redstone BD (MR-BD),mercuryredstone bd mrbd,6,-0.08799029191285455,-0.03330470709795692,crs / gsat / apollo
Mercury-Atlas 2 (MA-2),NASA,"LC-14, Cape Canaveral AFS, Florida, USA",1961-02-21,14:12:00,Atlas-D Mercury,6830000,True,Mercury-Atlas 2 (MA-2),mercuryatlas ma,6,-0.09136844026586631,-0.036493481639117184,crs / gsat / apollo
Explorer 9 (S-56A),NASA,"LA-3, Wallops Flight Facility, Virginia, USA",1961-02-16,13:05:00,Scout X-1,11110000,True,Explorer 9 (S-56A),explorer s a,6,-0.09102799898406522,-0.03616826031577577,crs / gsat / apollo
Samos 2,General Dynamics,"SLC-3W, Vandenberg AFB, California, USA",1961-01-31,20:21:00,Atlas-LV3 Agena-A,19890000,True,Samos 2,samos,6,-0.0952785963997837,-0.04076225963364918,crs / gsat / apollo
Mercury-Redstone 2 (MR-2),NASA,"LC-5, Cape Canaveral AFS, Florida, USA",1961-01-31,16:55:00,Mercury-Redstone,12200000,True,Mercury-Redstone 2 (MR-2),mercuryredstone mr,6,-0.08948058007189688,-0.03466584027615453,crs / gsat / apollo
Mercury-Redstone 1A (MR-1A),NASA,"LC-5, Cape Canaveral AFS, Florida, USA",1960-12-19,16:15:00,Mercury-Redstone,11180000,True,Mercury-Redstone 1A (MR-1A),mercuryredstone a mr a,6,-0.08948058007189688,-0.03466584027615453,crs / gsat / apollo
Pioneer P-31,General Dynamics,"LC-12, Cape Canaveral AFS, Florida, USA",1960-12-15,9:10:00,Atlas-D Able,3940000,False,Pioneer P-31,pioneer p,6,-0.09259553519043044,-0.037774635259366904,crs / gsat / apollo
Explorer (S-56),NASA,"LA-3, Wallops Flight Facility, Virginia, USA",1960-12-04,21:14:00,Scout X-1,12190000,False,Explorer (S-56),explorer s,6,-0.09102799898406522,-0.03616826031577577,crs / gsat / apollo
Mercury-Redstone 1 (MR-1),NASA,"LC-5, Cape Canaveral AFS, Florida, USA",1960-11-21,14:00:00,Mercury-Redstone,19790000,False,Mercury-Redstone 1 (MR-1),mercuryredstone mr,6,-0.08948058007189688,-0.03466584027615453,crs / gsat / apollo
Samos 1,General Dynamics,"SLC-3W, Vandenberg AFB, California, USA",1960-10-11,20:33:00,Atlas-LV3 Agena-A,21590000,False,Samos 1,samos,6,-0.0952785963997837,-0.04076225963364918,crs / gsat / apollo
Pioneer P-30,General Dynamics,"LC-12, Cape Canaveral AFS, Florida, USA",1960-09-25,15:13:00,Atlas-D Able,7960000,False,Pioneer P-30,pioneer p,6,-0.09259553519043044,-0.037774635259366904,crs / gsat / apollo
Mercury-Atlas 1 (MA-1),NASA,"LC-14, Cape Canaveral AFS, Florida, USA",1960-07-29,13:13:00,Atlas-D Mercury,24740000,False,Mercury-Atlas 1 (MA-1),mercuryatlas ma,6,-0.09136844026586631,-0.036493481639117184,crs / gsat / apollo
Midas 2,General Dynamics,"LC-14, Cape Canaveral AFS, Florida, USA",1960-05-24,17:36:00,Atlas-LV3 Agena-A,15410000,True,Midas 2,midas,6,-0.09613546240136461,-0.0417687885541404,crs / gsat / apollo
Midas 1,General Dynamics,"LC-14, Cape Canaveral AFS, Florida, USA",1960-02-26,17:25:00,Atlas-LV3 Agena-A,22990000,False,Midas 1,midas,6,-0.09613546240136461,-0.0417687885541404,crs / gsat / apollo
Pioneer P-3,General Dynamics,"LC-14, Cape Canaveral AFS, Florida, USA",1959-11-26,7:26:00,Atlas-D Able,7140000,False,Pioneer P-3,pioneer p,6,-0.09259553519043044,-0.037774635259366904,crs / gsat / apollo
Big Joe 1,NASA,"LC-14, Cape Canaveral AFS, Florida, USA",1959-09-09,8:19:00,Atlas-D Mercury,12210000,False,Big Joe 1,big joe,6,-0.0874814903464716,-0.032836510366197676,crs / gsat / apollo
Pioneer 2,NASA,"SLC-17A, Cape Canaveral AFS, Florida, USA",1958-11-08,7:30:00,Thor-DM 18 Able I,22820000,False,Pioneer 2,pioneer,6,-0.09259553519043044,-0.037774635259366904,crs / gsat / apollo
Pioneer 1,NASA,"SLC-17A, Cape Canaveral AFS, Florida, USA",1958-10-11,8:42:00,Thor-DM 18 Able I,5160000,False,Pioneer 1,pioneer,6,-0.09259553519043044,-0.037774635259366904,crs / gsat / apollo
